"id","restaurant_id","method"
"1","1","Tunai"
"2","1","Debet"
"3","1","Go-pay"
"4","1","Ovo"
"5","1","Dana"
"6","2","Tunai"
"7","2","Debet"
"8","2","Go-pay"
"9","2","Ovo"
"10","2","Dana"
"11","3","Tunai"
"12","3","Debet"
"13","3","Go-pay"
"14","3","Ovo"
"15","3","Dana"
"16","4","Tunai"
"17","5","Tunai"
"18","6","Tunai"
"19","6","Debet"
"20","6","QRIS"
"21","7","Tunai"
"22","7","Debet"
"23","7","Go-pay"
"24","7","Ovo"
"25","7","Dana"
"26","8","Tunai"
"27","8","Visa"
"28","8","Master"
"29","8","Debet"
"30","8","Go-pay"
"31","8","Ovo"
"32","8","Dana"
"33","9","Tunai"
"34","9","Visa"
"35","9","Master"
"36","9","Debet"
"37","10","Tunai"
"38","10","Visa"
"39","10","Master"
"40","10","Debet"
"41","10","Go-pay"
"42","10","Ovo"
"43","10","Dana"
"44","11","Tunai"
"45","11","Visa"
"46","11","Master"
"47","11","Debet"
"48","12","Tunai"
"49","12","Visa"
"50","12","Master"
"51","12","Debet"
"52","13","Tunai"
"53","13","Visa"
"54","13","Master"
"55","13","Debet"
"56","14","Tunai"
"57","14","Visa"
"58","14","Master"
"59","14","Debet"
"60","14","Go-pay"
"61","14","Ovo"
"62","14","Dana"
"63","15","Tunai"
"64","15","Debet"
"65","16","Tunai"
"66","16","Visa"
"67","16","Master"
"68","16","Debet"
"69","16","Go-pay"
"70","16","Ovo"
"71","16","Dana"
"72","17","Tunai"
"73","17","Debet"
"74","17","Go-pay"
"75","17","Ovo"
"76","17","Dana"
"77","18","Tunai"
"78","18","Visa"
"79","18","Master"
"80","18","Debet"
"81","19","Tunai"
"82","19","Visa"
"83","19","Master"
"84","19","Debet"
"85","20","Tunai"
"86","20","Visa"
"87","20","Master"
"88","20","Debet"
"89","21","Tunai"
"90","21","Visa"
"91","21","Master"
"92","21","Debet"
"93","22","Tunai"
"94","22","Debet"
"95","22","Go-pay"
"96","22","Ovo"
"97","22","Dana"
"98","23","Tunai"
"99","23","Visa"
"100","23","Master"
"101","23","Debet"
"102","24","Tunai"
"103","24","Debet"
"104","24","Go-pay"
"105","24","Ovo"
"106","24","Dana"
"107","25","Tunai"
"108","25","Visa"
"109","25","Master"
"110","25","Debet"
"111","25","Go-pay"
"112","25","Ovo"
"113","25","Dana"
"114","26","Tunai"
"115","26","Debet"
"116","26","Go-pay"
"117","26","Ovo"
"118","27","Tunai"
"119","27","Visa"
"120","27","Master"
"121","27","Debet"
"122","27","Go-pay"
"123","27","Ovo"
"124","27","Dana"
"125","28","Tunai"
"126","28","Visa"
"127","28","Master"
"128","28","Debet"
"129","29","Tunai"
"130","29","Visa"
"131","29","Master"
"132","29","Debet"
"133","30","Tunai"
"134","31","Tunai"
"135","31","Visa"
"136","31","Master"
"137","31","Debet"
"138","31","Go-pay"
"139","31","Ovo"
"140","31","Dana"
"141","32","Tunai"
"142","32","Visa"
"143","32","Master"
"144","32","Debet"
"145","32","Go-pay"
"146","32","Ovo"
"147","32","Dana"
"148","33","Tunai"
"149","33","Debet"
"150","33","Go-pay"
"151","33","Ovo"
"152","33","Dana"
"153","34","Hanya Non-Tunai: Visa"
"154","34","Master"
"155","34","Debet"
"156","34","Go-pay"
"157","34","Ovo"
"158","34","Dana"
"159","35","Tunai"
"160","35","Visa"
"161","35","Master"
"162","35","Debet"
"163","36","Tunai"
"164","36","Debet"
"165","36","Go-pay"
"166","36","Ovo"
"167","36","Dana"
"168","37","Tunai"
"169","37","Go-pay"
"170","37","Ovo"
"171","37","Dana"
"172","38","Tunai"
"173","38","Visa"
"174","38","Master"
"175","38","Debet"
"176","39","Tunai"
"177","39","Debet"
"178","39","Go-pay"
"179","39","Ovo"
"180","39","Dana"
"181","40","Tunai"
"182","41","Tunai"
"183","42","Tunai"
"184","42","Debet"
"185","43","Tunai"
"186","44","Tunai"
"187","44","Debet"
"188","44","Go-pay"
"189","44","Dana"
"190","45","Tunai"
"191","45","Visa"
"192","45","Master"
"193","45","Debet"
"194","45","Go-pay"
"195","45","Ovo"
"196","45","Dana"
"197","46","Tunai"
"198","46","Debet"
"199","46","Go-pay"
"200","46","Ovo"
"201","46","Dana"
"202","47","Tunai"
"203","47","Go-pay"
"204","47","Ovo"
"205","47","Dana"
"206","48","Tunai"
"207","48","Visa"
"208","48","Master"
"209","48","Debet"
"210","49","Tunai"
"211","49","Visa"
"212","49","Master"
"213","49","Debet"
"214","49","Go-pay"
"215","49","Ovo"
"216","49","Dana"
"217","50","Tunai"
"218","50","Debet"
"219","50","Go-pay"
"220","50","Ovo"
"221","51","Tunai"
"222","51","Debet"
"223","51","Go-pay"
"224","51","Ovo"
"225","51","Dana"
"226","52","Tunai"
"227","52","Debet"
"228","53","Tunai"
"229","54","Tunai"
"230","55","Tunai"
"231","56","Tunai"
"232","56","Debet"
"233","56","Go-pay"
"234","56","Ovo"
"235","56","Dana"
"236","56","QRIS"
"237","57","Tunai"
"238","57","Visa"
"239","57","Master"
"240","57","Debet"
"241","58","Tunai"
"242","58","Visa"
"243","58","Master"
"244","58","Debet"
"245","59","Tunai"
"246","59","Debet"
"247","60","Tunai"
"248","60","Visa"
"249","60","Master"
"250","60","Debet"
"251","61","Hanya Non-Tunai: Visa"
"252","61","Master"
"253","61","Debet"
"254","61","Go-pay"
"255","61","Ovo"
"256","61","Dana"
"257","62","Tunai"
"258","62","Debet"
"259","62","Go-pay"
"260","62","Ovo"
"261","62","Dana"
"262","63","Tunai"
"263","63","Visa"
"264","63","Master"
"265","63","Debet"
"266","64","Tunai"
"267","64","Visa"
"268","64","Master"
"269","64","Debet"
"270","65","Tunai"
"271","66","Tunai"
"272","66","Visa"
"273","66","Master"
"274","66","Debet"
"275","66","Go-pay"
"276","66","Ovo"
"277","66","Dana"
"278","67","Tunai"
"279","67","Debet"
"280","68","Tunai"
"281","68","Visa"
"282","68","Master"
"283","68","Debet"
"284","68","Go-pay"
"285","68","Ovo"
"286","68","Dana"
"287","69","Tunai"
"288","69","Visa"
"289","69","Master"
"290","69","Debet"
"291","69","Go-pay"
"292","69","Ovo"
"293","69","Dana"
"294","70","Tunai"
"295","70","Visa"
"296","70","Master"
"297","70","Debet"
"298","71","Tunai"
"299","71","Visa"
"300","71","Master"
"301","71","Debet"
"302","72","Tunai"
"303","73","Tunai"
"304","73","Visa"
"305","73","Master"
"306","73","Debet"
"307","73","Go-pay"
"308","73","Ovo"
"309","73","Dana"
"310","74","Tunai"
"311","74","Debet"
"312","75","Tunai"
"313","76","Tunai"
"314","76","Visa"
"315","76","Master"
"316","76","Debet"
"317","77","Tunai"
"318","77","Debet"
"319","77","Ovo"
"320","78","Tunai"
"321","78","Debet"
"322","79","Tunai"
"323","79","Debet"
"324","80","Tunai"
"325","81","Tunai"
"326","81","Visa"
"327","81","Master"
"328","81","Debet"
"329","82","Tunai"
"330","82","Visa"
"331","82","Master"
"332","82","Debet"
"333","83","Tunai"
"334","83","Visa"
"335","83","Master"
"336","83","Debet"
"337","83","Go-pay"
"338","83","Ovo"
"339","83","Dana"
"340","84","Tunai"
"341","84","Visa"
"342","84","Master"
"343","84","Debet"
"344","85","Tunai"
"345","85","Go-pay"
"346","85","Ovo"
"347","85","Dana"
"348","86","Tunai"
"349","86","Visa"
"350","86","Master"
"351","86","Debet"
"352","86","Go-pay"
"353","86","Ovo"
"354","87","Tunai"
"355","88","Tunai"
"356","89","Tunai"
"357","89","Visa"
"358","89","Master"
"359","89","Debet"
"360","89","Go-pay"
"361","89","Ovo"
"362","90","Hanya Non-Tunai: Visa"
"363","90","Master"
"364","90","Debet"
"365","90","Go-pay"
"366","90","Ovo"
"367","91","Tunai"
"368","91","Visa"
"369","91","Master"
"370","91","Debet"
"371","91","QRIS"
"372","92","Tunai"
"373","92","Debet"
"374","92","QRIS"
"375","93","Tunai"
"376","93","Visa"
"377","93","Master"
"378","93","Debet"
"379","94","Tunai"
"380","94","Debet"
"381","94","Go-pay"
"382","94","Ovo"
"383","95","Tunai"
"384","95","Visa"
"385","95","Master"
"386","95","Debet"
"387","96","Tunai"
"388","96","Visa"
"389","96","Master"
"390","96","Debet"
"391","96","Ovo"
"392","96","Dana"
"393","97","Tunai"
"394","97","Visa"
"395","97","Master"
"396","97","Debet"
"397","97","Go-pay"
"398","97","Ovo"
"399","98","Tunai"
"400","98","Visa"
"401","98","Master"
"402","98","Debet"
"403","99","Tunai"
"404","100","Tunai"
"405","101","Tunai"
"406","101","Debet"
"407","101","Go-pay"
"408","101","Ovo"
"409","101","Dana"
"410","102","Tunai"
"411","103","Tunai"
"412","104","Tunai"
"413","105","Tunai"
"414","105","Visa"
"415","105","Master"
"416","105","Debet"
"417","106","Tunai"
"418","106","Debet"
"419","107","Tunai"
"420","107","Debet"
"421","108","Tunai"
"422","108","Debet"
"423","108","Go-pay"
"424","108","Ovo"
"425","108","Dana"
"426","109","Tunai"
"427","109","Visa"
"428","109","Master"
"429","109","Debet"
"430","110","Tunai"
"431","110","Visa"
"432","110","Master"
"433","110","Debet"
"434","110","Go-pay"
"435","110","Ovo"
"436","110","Dana"
"437","111","Tunai"
"438","111","Debet"
"439","113","Tunai"
"440","113","Visa"
"441","113","Master"
"442","113","Debet"
"443","113","Go-pay"
"444","113","Ovo"
"445","113","Dana"
"446","114","Tunai"
"447","114","Visa"
"448","114","Master"
"449","114","Debet"
"450","115","Tunai"
"451","115","Debet"
"452","116","Tunai"
"453","116","Visa"
"454","116","Master"
"455","116","Debet"
"456","117","Tunai"
"457","117","Visa"
"458","117","Master"
"459","117","Debet"
"460","118","Tunai"
"461","118","Visa"
"462","118","Master"
"463","118","Debet"
"464","119","Tunai"
"465","119","Visa"
"466","119","Master"
"467","119","Debet"
"468","120","Tunai"
"469","120","Debet"
"470","121","Tunai"
"471","121","Debet"
"472","121","Go-pay"
"473","121","Ovo"
"474","121","Dana"
"475","122","Tunai"
"476","122","Visa"
"477","122","Master"
"478","122","Debet"
"479","122","Go-pay"
"480","122","Ovo"
"481","122","Dana"
"482","123","Tunai"
"483","123","Visa"
"484","123","Master"
"485","123","Debet"
"486","124","Tunai"
"487","124","Visa"
"488","124","Master"
"489","124","Debet"
"490","125","Tunai"
"491","125","Visa"
"492","125","Master"
"493","125","Debet"
"494","125","Go-pay"
"495","125","Ovo"
"496","125","Dana"
"497","126","Tunai"
"498","126","Visa"
"499","126","Master"
"500","126","Debet"
"501","127","Tunai"
"502","127","Visa"
"503","127","Master"
"504","127","Debet"
"505","128","Tunai"
"506","128","Visa"
"507","128","Master"
"508","128","Debet"
"509","129","Tunai"
"510","129","Visa"
"511","129","Master"
"512","129","Debet"
"513","130","Tunai"
"514","130","Visa"
"515","130","Master"
"516","130","Debet"
"517","131","Tunai"
"518","131","Visa"
"519","131","Master"
"520","131","Debet"
"521","132","Tunai"
"522","132","Visa"
"523","132","Master"
"524","132","Debet"
"525","133","Tunai"
"526","133","Visa"
"527","133","Master"
"528","133","Debet"
"529","135","Tunai"
"530","135","Visa"
"531","135","Master"
"532","135","Debet"
"533","136","Tunai"
"534","136","Debet"
"535","136","Go-pay"
"536","136","Ovo"
"537","136","Dana"
"538","137","Tunai"
"539","137","Visa"
"540","137","Master"
"541","137","Debet"
"542","138","Tunai"
"543","138","Visa"
"544","138","Master"
"545","138","Debet"
"546","139","Tunai"
"547","139","Visa"
"548","139","Master"
"549","139","Debet"
"550","140","Tunai"
"551","140","Visa"
"552","140","Master"
"553","140","Debet"
"554","141","Tunai"
"555","141","Visa"
"556","141","Master"
"557","141","Debet"
"558","142","Tunai"
"559","142","Visa"
"560","142","Master"
"561","142","Debet"
"562","142","Go-pay"
"563","142","Ovo"
"564","142","Dana"
"565","142","QRIS"
"566","143","Tunai"
"567","143","Visa"
"568","143","Master"
"569","143","Debet"
"570","144","Tunai"
"571","144","Visa"
"572","144","Master"
"573","144","Debet"
"574","145","Tunai"
"575","145","Visa"
"576","145","Master"
"577","145","Debet"
"578","145","Go-pay"
"579","145","Ovo"
"580","145","Dana"
"581","146","Tunai"
"582","146","Visa"
"583","146","Master"
"584","146","Debet"
"585","147","Tunai"
"586","147","Visa"
"587","147","Master"
"588","147","Debet"
"589","147","Go-pay"
"590","147","Ovo"
"591","147","Dana"
"592","148","Tunai"
"593","148","Visa"
"594","148","Master"
"595","148","Debet"
"596","149","Tunai"
"597","149","Visa"
"598","149","Master"
"599","149","Debet"
"600","149","Go-pay"
"601","149","Ovo"
"602","149","Dana"
"603","150","Tunai"
"604","150","Visa"
"605","150","Master"
"606","150","Debet"
"607","151","Tunai"
"608","152","Tunai"
"609","152","Visa"
"610","152","Master"
"611","152","Debet"
"612","153","Tunai"
"613","153","Visa"
"614","153","Master"
"615","153","Debet"
"616","153","Go-pay"
"617","153","Ovo"
"618","153","Dana"
"619","154","Tunai"
"620","154","Visa"
"621","154","Master"
"622","154","Debet"
"623","155","Tunai"
"624","155","Visa"
"625","155","Master"
"626","155","Debet"
"627","156","Tunai"
"628","156","Visa"
"629","156","Master"
"630","156","Debet"
"631","157","Tunai"
"632","157","Visa"
"633","157","Master"
"634","157","Debet"
"635","157","Go-pay"
"636","158","Hanya Non-Tunai: Visa"
"637","158","Master"
"638","158","Debet"
"639","158","Ovo"
"640","159","Tunai"
"641","159","Visa"
"642","159","Master"
"643","159","Debet"
"644","159","Go-pay"
"645","159","Ovo"
"646","159","Dana"
"647","160","Tunai"
"648","160","Visa"
"649","160","Master"
"650","160","Debet"
"651","160","Go-pay"
"652","160","Ovo"
"653","160","Dana"
"654","162","Tunai"
"655","162","Visa"
"656","162","Master"
"657","162","Debet"
"658","163","Tunai"
"659","163","Visa"
"660","163","Master"
"661","163","Debet"
"662","165","
                        Dukuh Atas - Keluar E "
"663","166","Tunai"
"664","166","Visa"
"665","166","Master"
"666","166","Debet"
"667","166","Go-pay"
"668","166","Ovo"
"669","166","Dana"
"670","168","Tunai"
"671","168","Visa"
"672","168","Master"
"673","168","Debet"
"674","169","Tunai"
"675","169","Visa"
"676","169","Master"
"677","169","Debet"
"678","169","Go-pay"
"679","169","Ovo"
"680","169","Dana"
"681","171","Tunai"
"682","171","Visa"
"683","171","Master"
"684","171","Debet"
"685","171","Ovo"
"686","172","Tunai"
"687","172","Debet"
"688","173","Tunai"
"689","173","Visa"
"690","173","Master"
"691","173","Debet"
"692","173","Go-pay"
"693","173","Ovo"
"694","173","Dana"
"695","174","Tunai"
"696","174","Debet"
"697","175","Tunai"
"698","175","Dana"
"699","176","Tunai"
"700","176","Visa"
"701","176","Master"
"702","176","Debet"
"703","176","Ovo"
"704","177","Tunai"
"705","177","Visa"
"706","177","Master"
"707","177","Debet"
"708","178","Tunai"
"709","178","Visa"
"710","178","Master"
"711","178","Debet"
"712","179","Tunai"
"713","179","Visa"
"714","179","Master"
"715","179","Debet"
"716","179","Go-pay"
"717","179","Ovo"
"718","179","Dana"
"719","180","Tunai"
"720","180","Visa"
"721","180","Master"
"722","180","Debet"
"723","180","Go-pay"
"724","180","Ovo"
"725","181","Tunai"
"726","181","Visa"
"727","181","Master"
"728","181","Debet"
"729","181","Go-pay"
"730","181","Ovo"
"731","181","Dana"
"732","182","Tunai"
"733","182","Visa"
"734","182","Master"
"735","182","Debet"
"736","183","Tunai"
"737","183","Visa"
"738","183","Master"
"739","183","Debet"
"740","184","Tunai"
"741","184","Debet"
"742","185","Tunai"
"743","185","Debet"
"744","186","
                        Blok M - Keluar F "
"745","187","Tunai"
"746","187","Visa"
"747","187","Master"
"748","187","Debet"
"749","188","Tunai"
"750","188","Visa"
"751","188","Master"
"752","188","Debet"
"753","189","Tunai"
"754","189","Visa"
"755","189","Master"
"756","189","Debet"
"757","190","Hanya Non-Tunai: Debet"
"758","190","Go-pay"
"759","190","Ovo"
"760","190","Dana"
"761","191","Tunai"
"762","191","Visa"
"763","191","Master"
"764","191","Debet"
"765","193","Tunai"
"766","193","Visa"
"767","193","Master"
"768","193","Debet"
"769","194","Tunai"
"770","194","Visa"
"771","194","Master"
"772","194","Debet"
"773","195","Tunai"
"774","195","Visa"
"775","195","Master"
"776","195","Debet"
"777","195","Go-pay"
"778","195","Ovo"
"779","195","Dana"
"780","196","Tunai"
"781","197","Tunai"
"782","197","Debet"
"783","197","Go-pay"
"784","197","Ovo"
"785","197","Dana"
"786","198","Tunai"
"787","198","Visa"
"788","198","Master"
"789","198","Debet"
"790","198","Ovo"
"791","199","Tunai"
"792","199","Visa"
"793","199","Master"
"794","199","Debet"
"795","199","Ovo"
"796","200","Tunai"
"797","200","Visa"
"798","200","Master"
"799","200","Debet"
"800","201","Tunai"
"801","201","Visa"
"802","201","Master"
"803","201","Debet"
"804","202","Tunai"
"805","202","Debet"
"806","202","Go-pay"
"807","202","Ovo"
"808","203","Hanya Non-Tunai: Visa"
"809","203","Master"
"810","203","Debet"
"811","203","Go-pay"
"812","203","Ovo"
"813","203","Dana"
"814","205","Tunai"
"815","205","Go-pay"
"816","206","Hanya Non-Tunai: Visa"
"817","206","Master"
"818","206","Debet"
"819","206","Go-pay"
"820","206","Ovo"
"821","206","Dana"
"822","207","Tunai"
"823","208","Tunai"
"824","209","Tunai"
"825","209","Visa"
"826","209","Master"
"827","209","Debet"
"828","209","Go-pay"
"829","209","Ovo"
"830","210","Tunai"
"831","210","Visa"
"832","210","Master"
"833","210","Debet"
"834","210","Go-pay"
"835","210","Ovo"
"836","210","Dana"
"837","211","Tunai"
"838","211","Debet"
"839","211","Go-pay"
"840","211","Ovo"
"841","211","Dana"
"842","212","Tunai"
"843","212","Visa"
"844","212","Master"
"845","212","Debet"
"846","212","Go-pay"
"847","212","Ovo"
"848","213","Hanya Non-Tunai: Visa"
"849","213","Master"
"850","213","Debet"
"851","213","Go-pay"
"852","213","Ovo"
"853","213","Dana"
"854","213","QRIS"
"855","214","Tunai"
"856","215","Tunai"
"857","215","Debet"
"858","216","Tunai"
"859","216","Visa"
"860","216","Master"
"861","216","Debet"
"862","217","Tunai"
"863","217","Visa"
"864","217","Master"
"865","217","Debet"
"866","217","Go-pay"
"867","217","Ovo"
"868","217","Dana"
"869","218","Tunai"
"870","218","Debet"
"871","218","Go-pay"
"872","218","Ovo"
"873","218","Dana"
"874","219","Tunai"
"875","219","Debet"
"876","219","Go-pay"
"877","219","Ovo"
"878","219","Dana"
"879","220","Tunai"
"880","220","Visa"
"881","220","Master"
"882","220","Debet"
"883","220","Go-pay"
"884","220","Ovo"
"885","220","Dana"
"886","221","Tunai"
"887","222","Tunai"
"888","222","Visa"
"889","222","Master"
"890","222","Debet"
"891","222","Go-pay"
"892","222","Ovo"
"893","222","Dana"
"894","223","Tunai"
"895","224","Tunai"
"896","224","Debet"
"897","225","Tunai"
"898","225","Debet"
"899","227","Tunai"
"900","227","Visa"
"901","227","Master"
"902","227","Debet"
"903","227","Go-pay"
"904","227","Ovo"
"905","227","Dana"
"906","228","Tunai"
"907","228","Visa"
"908","228","Master"
"909","228","Debet"
"910","228","Go-pay"
"911","228","Ovo"
"912","229","Tunai"
"913","229","Visa"
"914","229","Master"
"915","229","Debet"
"916","230","Tunai"
"917","230","Debet"
"918","231","Tunai"
"919","231","Debet"
"920","232","Tunai"
"921","232","Visa"
"922","232","Master"
"923","232","Debet"
"924","234","Tunai"
"925","234","Visa"
"926","234","Master"
"927","234","Debet"
"928","234","Go-pay"
"929","234","Ovo"
"930","235","Tunai"
"931","235","Visa"
"932","235","Master"
"933","235","Debet"
"934","237","Tunai"
"935","237","Debet"
"936","238","Tunai"
"937","238","Visa"
"938","238","Master"
"939","238","Debet"
"940","238","Go-pay"
"941","238","Ovo"
"942","238","Dana"
"943","239","Tunai"
"944","239","Visa"
"945","239","Master"
"946","239","Debet"
"947","239","Go-pay"
"948","239","Ovo"
"949","239","Dana"
"950","240","Tunai"
"951","240","Visa"
"952","240","Master"
"953","240","Debet"
"954","240","Go-pay"
"955","240","Ovo"
"956","242","Tunai"
"957","242","Visa"
"958","242","Master"
"959","242","Debet"
"960","242","Go-pay"
"961","242","Ovo"
"962","242","Dana"
"963","243","Tunai"
"964","243","Visa"
"965","243","Master"
"966","243","Debet"
"967","243","Go-pay"
"968","243","Ovo"
"969","243","Dana"
"970","244","Tunai"
"971","244","Visa"
"972","244","Master"
"973","244","Debet"
"974","244","Go-pay"
"975","244","Ovo"
"976","244","Dana"
"977","245","Tunai"
"978","245","Visa"
"979","245","Master"
"980","245","Debet"
"981","245","Go-pay"
"982","245","Ovo"
"983","245","Dana"
"984","246","Tunai"
"985","246","Debet"
"986","246","Go-pay"
"987","246","Ovo"
"988","246","Dana"
"989","247","Tunai"
"990","247","Visa"
"991","247","Master"
"992","247","Debet"
"993","247","Go-pay"
"994","247","Ovo"
"995","247","Dana"
"996","248","Tunai"
"997","248","Debet"
"998","250","Tunai"
"999","250","Visa"
"1000","250","Master"
"1001","250","Debet"
"1002","250","Go-pay"
"1003","250","Ovo"
"1004","250","Dana"
"1005","251","Tunai"
"1006","251","Visa"
"1007","251","Master"
"1008","251","Debet"
"1009","251","Go-pay"
"1010","251","Ovo"
"1011","252","Tunai"
"1012","252","Visa"
"1013","252","Master"
"1014","252","Debet"
"1015","252","Go-pay"
"1016","252","Ovo"
"1017","253","Tunai"
"1018","253","Visa"
"1019","253","Master"
"1020","253","Debet"
"1021","253","Go-pay"
"1022","253","Ovo"
"1023","253","Dana"
"1024","254","Tunai"
"1025","254","Visa"
"1026","254","Master"
"1027","254","Debet"
"1028","254","Go-pay"
"1029","254","Ovo"
"1030","254","Dana"
"1031","255","Tunai"
"1032","255","Visa"
"1033","255","Master"
"1034","255","Debet"
"1035","255","Go-pay"
"1036","255","Ovo"
"1037","255","Dana"
"1038","256","Tunai"
"1039","256","Visa"
"1040","256","Master"
"1041","256","Debet"
"1042","257","Tunai"
"1043","257","Visa"
"1044","257","Master"
"1045","257","Debet"
"1046","257","Go-pay"
"1047","257","Ovo"
"1048","257","Dana"
"1049","258","Tunai"
"1050","258","Visa"
"1051","258","Master"
"1052","258","Debet"
"1053","258","Ovo"
"1054","259","Tunai"
"1055","259","Visa"
"1056","259","Master"
"1057","259","Debet"
"1058","260","Tunai"
"1059","261","Tunai"
"1060","261","Debet"
"1061","261","Go-pay"
"1062","261","Ovo"
"1063","261","Dana"
"1064","262","Tunai"
"1065","262","Debet"
"1066","262","Go-pay"
"1067","262","Ovo"
"1068","262","Dana"
"1069","263","Tunai"
"1070","264","Tunai"
"1071","265","Tunai"
"1072","266","Tunai"
"1073","267","Tunai"
"1074","268","Tunai"
"1075","269","Tunai"
"1076","270","Tunai"
"1077","271","Tunai"
"1078","272","Tunai"
"1079","273","Tunai"
"1080","274","Tunai"
"1081","275","Tunai"
"1082","276","Tunai"
"1083","276","Visa"
"1084","276","Master"
"1085","276","Debet"
"1086","276","QRIS"
"1087","277","Tunai"
"1088","278","Tunai"
"1089","278","Visa"
"1090","278","Master"
"1091","278","Debet"
"1092","278","Go-pay"
"1093","278","Ovo"
"1094","278","Dana"
"1095","278","QRIS"
"1096","279","Tunai"
"1097","279","QRIS"
"1098","280","Tunai"
"1099","280","Visa"
"1100","280","Master"
"1101","280","Debet"
"1102","281","Tunai"
"1103","281","Visa"
"1104","281","Master"
"1105","281","Debet"
"1106","282","Tunai"
"1107","282","Visa"
"1108","282","Master"
"1109","282","Debet"
"1110","283","Tunai"
"1111","283","Visa"
"1112","283","Master"
"1113","283","Debet"
"1114","284","Tunai"
"1115","284","Visa"
"1116","284","Master"
"1117","284","Debet"
"1118","286","Tunai"
"1119","286","Visa"
"1120","286","Master"
"1121","286","Debet"
"1122","287","Tunai"
"1123","287","Visa"
"1124","287","Master"
"1125","287","Debet"
"1126","288","Tunai"
"1127","288","Visa"
"1128","288","Master"
"1129","288","Debet"
"1130","289","Tunai"
"1131","289","Visa"
"1132","289","Master"
"1133","289","Debet"
"1134","289","Go-pay"
"1135","289","Ovo"
"1136","290","Tunai"
"1137","290","Visa"
"1138","290","Master"
"1139","290","Debet"
"1140","290","Go-pay"
"1141","291","Tunai"
"1142","292","Hanya Non-Tunai: Visa"
"1143","292","Master"
"1144","292","Debet"
"1145","292","Go-pay"
"1146","292","Ovo"
"1147","292","Dana"
"1148","293","Tunai"
"1149","294","Tunai"
"1150","294","Visa"
"1151","294","Master"
"1152","294","Debet"
"1153","294","Go-pay"
"1154","294","Ovo"
"1155","295","Tunai"
"1156","295","Visa"
"1157","295","Master"
"1158","295","Debet"
"1159","296","Tunai"
"1160","296","Debet"
"1161","296","Go-pay"
"1162","296","Ovo"
"1163","297","Tunai"
"1164","297","Visa"
"1165","297","Master"
"1166","297","Debet"
"1167","298","Tunai"
"1168","298","Visa"
"1169","298","Master"
"1170","298","Debet"
"1171","299","Tunai"
"1172","299","Visa"
"1173","299","Master"
"1174","299","Debet"
"1175","300","Tunai"
"1176","300","Visa"
"1177","300","Master"
"1178","300","Debet"
"1179","300","Go-pay"
"1180","300","Ovo"
"1181","300","Dana"
"1182","301","Tunai"
"1183","301","Go-pay"
"1184","301","Ovo"
"1185","301","Dana"
"1186","302","Tunai"
"1187","302","Visa"
"1188","302","Master"
"1189","302","Debet"
"1190","302","Go-pay"
"1191","302","Ovo"
"1192","303","Tunai"
"1193","303","Visa"
"1194","303","Master"
"1195","303","Debet"
"1196","303","Go-pay"
"1197","303","Ovo"
"1198","303","Dana"
"1199","304","Tunai"
"1200","304","Visa"
"1201","304","Master"
"1202","304","Debet"
"1203","305","Tunai"
"1204","305","Visa"
"1205","305","Master"
"1206","305","Debet"
"1207","305","Go-pay"
"1208","305","Ovo"
"1209","305","Dana"
"1210","306","Tunai"
"1211","306","Ovo"
"1212","307","Tunai"
"1213","308","Tunai"
"1214","308","Debet"
"1215","309","Tunai"
"1216","309","Debet"
"1217","309","Go-pay"
"1218","309","Ovo"
"1219","309","Dana"
"1220","310","Tunai"
"1221","311","Tunai"
"1222","311","Visa"
"1223","311","Master"
"1224","311","Debet"
"1225","311","Go-pay"
"1226","311","Ovo"
"1227","311","Dana"
"1228","312","Tunai"
"1229","313","Tunai"
"1230","314","
                        Cipete Raya - Keluar F "
"1231","315","Tunai"
"1232","315","Go-pay"
"1233","315","Ovo"
"1234","316","Tunai"
"1235","317","Tunai"
"1236","317","Visa"
"1237","317","Master"
"1238","317","Debet"
"1239","318","Tunai"
"1240","318","Ovo"
"1241","319","Hanya Non-Tunai: Debet"
"1242","319","Go-pay"
"1243","319","Ovo"
"1244","319","Dana"
"1245","320","Tunai"
"1246","320","Visa"
"1247","320","Master"
"1248","320","Debet"
"1249","320","Go-pay"
"1250","320","Ovo"
"1251","321","Tunai"
"1252","321","Visa"
"1253","321","Master"
"1254","321","Debet"
"1255","321","Go-pay"
"1256","321","Ovo"
"1257","322","Tunai"
"1258","322","Visa"
"1259","322","Master"
"1260","322","Debet"
"1261","322","Go-pay"
"1262","322","Ovo"
"1263","324","Tunai"
"1264","324","Visa"
"1265","324","Master"
"1266","324","Debet"
"1267","325","Tunai"
"1268","325","Go-pay"
"1269","325","Ovo"
"1270","325","Dana"
"1271","326","Hanya Non-Tunai: Visa"
"1272","326","Master"
"1273","326","Debet"
"1274","328","Hanya Non-Tunai: Debet"
"1275","328","Go-pay"
"1276","328","Ovo"
"1277","328","Dana"
"1278","329","Tunai"
"1279","329","Visa"
"1280","329","Master"
"1281","329","Debet"
"1282","329","Go-pay"
"1283","329","Ovo"
"1284","330","Tunai"
"1285","330","Visa"
"1286","330","Master"
"1287","330","Debet"
"1288","330","Go-pay"
"1289","330","Ovo"
"1290","331","Tunai"
"1291","331","Visa"
"1292","331","Master"
"1293","331","Debet"
"1294","331","Go-pay"
"1295","331","Ovo"
"1296","332","Tunai"
"1297","332","Visa"
"1298","332","Master"
"1299","332","Debet"
"1300","332","Go-pay"
"1301","332","Ovo"
"1302","333","Tunai"
"1303","333","Visa"
"1304","333","Master"
"1305","333","Debet"
"1306","333","Go-pay"
"1307","333","Ovo"
"1308","334","Tunai"
"1309","334","Visa"
"1310","334","Master"
"1311","334","Debet"
"1312","334","Go-pay"
"1313","334","Ovo"
"1314","335","Tunai"
"1315","335","Visa"
"1316","335","Master"
"1317","335","Debet"
"1318","335","Go-pay"
"1319","335","Ovo"
"1320","336","Tunai"
"1321","336","Visa"
"1322","336","Master"
"1323","336","Debet"
"1324","336","Go-pay"
"1325","336","Ovo"
"1326","337","Tunai"
"1327","337","Visa"
"1328","337","Master"
"1329","337","Debet"
"1330","337","Go-pay"
"1331","337","Ovo"
"1332","338","Tunai"
"1333","338","Visa"
"1334","338","Master"
"1335","338","Debet"
"1336","338","Go-pay"
"1337","338","Ovo"
"1338","339","Tunai"
"1339","339","Visa"
"1340","339","Master"
"1341","339","Debet"
"1342","339","Go-pay"
"1343","339","Ovo"
"1344","340","Tunai"
"1345","340","Visa"
"1346","340","Master"
"1347","340","Debet"
"1348","340","Go-pay"
"1349","340","Ovo"
"1350","341","Tunai"
"1351","341","Visa"
"1352","341","Master"
"1353","341","Debet"
"1354","341","Go-pay"
"1355","341","Ovo"
"1356","342","Tunai"
"1357","342","Visa"
"1358","342","Master"
"1359","342","Debet"
"1360","342","Go-pay"
"1361","342","Ovo"
"1362","343","Tunai"
"1363","343","Visa"
"1364","343","Master"
"1365","343","Debet"
"1366","343","Go-pay"
"1367","343","Ovo"
"1368","344","Tunai"
"1369","344","Visa"
"1370","344","Master"
"1371","344","Debet"
"1372","344","Go-pay"
"1373","344","Ovo"
"1374","345","Tunai"
"1375","345","Visa"
"1376","345","Master"
"1377","345","Debet"
"1378","345","Go-pay"
"1379","345","Ovo"
"1380","346","Tunai"
"1381","346","Visa"
"1382","346","Master"
"1383","346","Debet"
"1384","346","Go-pay"
"1385","346","Ovo"
"1386","381","Tunai"
"1387","381","Visa"
"1388","381","Master"
"1389","381","Debet"
"1390","382","Tunai"
"1391","382","Visa"
"1392","382","Master"
"1393","382","Debet"
"1394","383","Tunai"
"1395","383","Visa"
"1396","383","Master"
"1397","383","Debet"
"1398","384","Tunai"
"1399","384","Visa"
"1400","384","Master"
"1401","384","Debet"
"1402","385","Tunai"
"1403","385","Visa"
"1404","385","Master"
"1405","385","Debet"
"1406","386","Tunai"
"1407","386","Visa"
"1408","386","Master"
"1409","386","Debet"
"1410","387","Tunai"
"1411","387","Visa"
"1412","387","Master"
"1413","387","Debet"
"1414","388","Tunai"
"1415","388","Visa"
"1416","388","Master"
"1417","388","Debet"
"1418","389","Tunai"
"1419","389","Visa"
"1420","389","Master"
"1421","389","Debet"
"1422","390","Tunai"
"1423","390","Visa"
"1424","390","Master"
"1425","390","Debet"
"1426","391","Tunai"
"1427","391","Visa"
"1428","391","Master"
"1429","391","Debet"
"1430","392","Tunai"
"1431","392","Visa"
"1432","392","Master"
"1433","392","Debet"
"1434","393","Tunai"
"1435","393","Visa"
"1436","393","Master"
"1437","393","Debet"
"1438","394","Tunai"
"1439","394","Visa"
"1440","394","Master"
"1441","394","Debet"
"1442","395","Tunai"
"1443","395","Visa"
"1444","395","Master"
"1445","395","Debet"
"1446","396","Tunai"
"1447","396","Visa"
"1448","396","Master"
"1449","396","Debet"
"1450","397","Tunai"
"1451","397","Go-pay"
"1452","397","Ovo"
"1453","397","Dana"
"1454","398","Hanya Non-Tunai: Visa"
"1455","398","Master"
"1456","398","Debet"
"1457","400","Tunai"
"1458","400","Visa"
"1459","400","Master"
"1460","400","Debet"
"1461","401","Tunai"
"1462","401","Visa"
"1463","401","Master"
"1464","401","Debet"
"1465","402","Tunai"
"1466","402","Visa"
"1467","402","Master"
"1468","402","Debet"
"1469","404","Tunai"
"1470","404","Visa"
"1471","404","Master"
"1472","404","Debet"
"1473","405","Tunai"
"1474","405","Visa"
"1475","405","Master"
"1476","405","Debet"
"1477","406","Tunai"
"1478","406","Visa"
"1479","406","Master"
"1480","406","Debet"
"1481","407","Tunai"
"1482","407","Visa"
"1483","407","Master"
"1484","407","Debet"
"1485","408","Tunai"
"1486","408","Visa"
"1487","408","Master"
"1488","408","Debet"
"1489","409","Tunai"
"1490","409","Visa"
"1491","409","Master"
"1492","409","Debet"
"1493","412","Tunai"
"1494","412","Visa"
"1495","412","Master"
"1496","412","Debet"
"1497","413","Tunai"
"1498","413","Visa"
"1499","413","Master"
"1500","413","Debet"
"1501","413","Go-pay"
"1502","413","Ovo"
"1503","414","Tunai"
"1504","414","Visa"
"1505","414","Master"
"1506","414","Debet"
"1507","415","Tunai"
"1508","415","Visa"
"1509","415","Master"
"1510","415","Debet"
"1511","416","Tunai"
"1512","416","Visa"
"1513","416","Master"
"1514","416","Debet"
"1515","416","QRIS"
"1516","417","Tunai"
"1517","417","Visa"
"1518","417","Master"
"1519","417","Debet"
"1520","417","Go-pay"
"1521","417","Ovo"
"1522","417","Dana"
"1523","417","QRIS"
"1524","418","Tunai"
"1525","418","Visa"
"1526","418","Master"
"1527","418","Debet"
"1528","419","Tunai"
"1529","419","Visa"
"1530","419","Master"
"1531","419","Debet"
"1532","420","Tunai"
"1533","420","Visa"
"1534","420","Master"
"1535","420","Debet"
"1536","421","Tunai"
"1537","421","Visa"
"1538","421","Master"
"1539","421","Debet"
"1540","421","Go-pay"
"1541","421","Ovo"
"1542","422","Tunai"
"1543","422","Visa"
"1544","422","Master"
"1545","422","Debet"
"1546","422","Go-pay"
"1547","423","Tunai"
"1548","423","Visa"
"1549","423","Master"
"1550","423","Debet"
"1551","423","Go-pay"
"1552","423","Ovo"
"1553","423","Dana"
"1554","425","Tunai"
"1555","425","Visa"
"1556","425","Master"
"1557","425","Debet"
"1558","426","Tunai"
"1559","426","Visa"
"1560","426","Master"
"1561","426","Debet"
"1562","427","Hanya Non-Tunai: Visa"
"1563","427","Master"
"1564","427","Debet"
"1565","427","Go-pay"
"1566","427","Ovo"
"1567","428","Tunai"
"1568","428","Visa"
"1569","428","Master"
"1570","428","Debet"
"1571","428","Go-pay"
"1572","428","Ovo"
"1573","428","Dana"
"1574","429","Tunai"
"1575","429","Visa"
"1576","429","Master"
"1577","429","Debet"
"1578","430","Tunai"
"1579","430","Visa"
"1580","430","Master"
"1581","430","Debet"
"1582","431","Tunai"
"1583","431","Visa"
"1584","431","Debet"
"1585","432","Tunai"
"1586","432","Go-pay"
"1587","432","Ovo"
"1588","433","Tunai"
"1589","433","Visa"
"1590","433","Master"
"1591","433","Debet"
"1592","433","Go-pay"
"1593","433","Ovo"
"1594","433","Dana"
"1595","434","Tunai"
"1596","434","Visa"
"1597","434","Master"
"1598","434","Debet"
"1599","435","Tunai"
"1600","435","Visa"
"1601","435","Master"
"1602","435","Debet"
"1603","435","Go-pay"
"1604","435","Ovo"
"1605","435","Dana"
"1606","436","Tunai"
"1607","436","Visa"
"1608","436","Master"
"1609","436","Debet"
"1610","436","Go-pay"
"1611","436","Ovo"
"1612","436","Dana"
"1613","437","Tunai"
"1614","437","Visa"
"1615","437","Master"
"1616","437","Debet"
"1617","438","Tunai"
"1618","438","Visa"
"1619","438","Master"
"1620","438","Debet"
"1621","438","Go-pay"
"1622","438","Ovo"
"1623","438","Dana"
"1624","439","Tunai"
"1625","439","Go-pay"
"1626","439","Ovo"
"1627","439","Dana"
"1628","440","Tunai"
"1629","440","Visa"
"1630","440","Master"
"1631","440","Debet"
"1632","440","Go-pay"
"1633","440","Ovo"
"1634","440","Dana"
"1635","440","QRIS"
"1636","440","Transfer"
"1637","441","Hanya Non-Tunai: Visa"
"1638","441","Master"
"1639","441","Debet"
"1640","441","Go-pay"
"1641","441","Ovo"
"1642","441","Dana"
"1643","441","QRIS"
"1644","443","Tunai"
"1645","443","Visa"
"1646","443","Master"
"1647","443","Go-pay"
"1648","443","Ovo"
"1649","443","Dana"
"1650","445","Tunai"
"1651","445","Go-pay"
"1652","445","Ovo"
"1653","445","Dana"
"1654","445","QRIS"
"1655","447","Tunai"
"1656","447","Visa"
"1657","447","Master"
"1658","447","Debet"
"1659","447","Go-pay"
"1660","447","Ovo"
"1661","447","Dana"
"1662","448","Tunai"
"1663","448","Visa"
"1664","448","Master"
"1665","448","Debet"
"1666","448","Go-pay"
"1667","448","Ovo"
"1668","448","Dana"
"1669","450","Tunai"
"1670","451","Tunai"
"1671","451","Visa"
"1672","451","Master"
"1673","451","Debet"
"1674","451","QRIS"
"1675","452","Tunai"
"1676","452","Visa"
"1677","452","Master"
"1678","452","Debet"
"1679","452","QRIS"
"1680","453","Tunai"
"1681","453","Visa"
"1682","453","Master"
"1683","453","Debet"
"1684","454","Tunai"
"1685","454","Visa"
"1686","454","Master"
"1687","454","Debet"
"1688","454","Go-pay"
"1689","454","Ovo"
"1690","454","Dana"
"1691","456","Tunai"
"1692","456","Visa"
"1693","456","Master"
"1694","456","Debet"
"1695","457","Tunai"
"1696","457","Visa"
"1697","457","Master"
"1698","457","Debet"
"1699","458","Tunai"
"1700","458","Visa"
"1701","458","Master"
"1702","458","Debet"
"1703","459","Tunai"
"1704","459","Visa"
"1705","459","Master"
"1706","459","Debet"
"1707","459","QRIS"
"1708","459","Transfer"
"1709","460","Tunai"
"1710","460","Visa"
"1711","460","Master"
"1712","460","Debet"
"1713","460","QRIS"
"1714","461","Tunai"
"1715","461","Visa"
"1716","461","Master"
"1717","461","Debet"
"1718","462","Tunai"
"1719","462","Visa"
"1720","462","Master"
"1721","462","Debet"
"1722","463","Tunai"
"1723","463","Visa"
"1724","463","Master"
"1725","463","Debet"
"1726","463","Go-pay"
"1727","463","Ovo"
"1728","463","Dana"
"1729","464","Tunai"
"1730","464","Visa"
"1731","464","Master"
"1732","464","Debet"
"1733","465","Tunai"
"1734","465","Visa"
"1735","465","Master"
"1736","465","Debet"
"1737","465","Go-pay"
"1738","465","Ovo"
"1739","465","Dana"
"1740","466","Tunai"
"1741","466","Visa"
"1742","466","Master"
"1743","466","Debet"
"1744","467","Tunai"
"1745","467","QRIS"
"1746","467","Transfer"
"1747","468","Tunai"
"1748","468","Visa"
"1749","468","Master"
"1750","468","Debet"
"1751","468","Go-pay"
"1752","468","Ovo"
"1753","468","Dana"
"1754","469","Tunai"
"1755","469","Visa"
"1756","469","Master"
"1757","469","Debet"
"1758","470","Tunai"
"1759","470","Visa"
"1760","470","Master"
"1761","470","Debet"
"1762","470","Go-pay"
"1763","470","Ovo"
"1764","471","Tunai"
"1765","471","Visa"
"1766","471","Master"
"1767","471","Debet"
"1768","472","Tunai"
"1769","472","Visa"
"1770","472","Master"
"1771","472","Debet"
"1772","472","Go-pay"
"1773","472","Ovo"
"1774","472","Dana"
"1775","473","Tunai"
"1776","473","Visa"
"1777","473","Master"
"1778","473","Debet"
"1779","474","Tunai"
"1780","475","Tunai"
"1781","475","Visa"
"1782","475","Master"
"1783","475","Debet"
"1784","476","Tunai"
"1785","477","Tunai"
"1786","478","Tunai"
"1787","479","Hanya Non-Tunai: Visa"
"1788","479","Master"
"1789","479","Debet"
"1790","479","Go-pay"
"1791","479","Ovo"
"1792","479","Dana"
"1793","480","Tunai"
"1794","480","Go-pay"
"1795","480","Ovo"
"1796","480","Dana"
"1797","481","Tunai"
"1798","481","Visa"
"1799","481","Master"
"1800","481","Debet"
"1801","482","Tunai"
"1802","482","Visa"
"1803","482","Master"
"1804","482","Debet"
"1805","482","Go-pay"
"1806","482","Ovo"
"1807","482","Dana"
"1808","482","QRIS"
"1809","483","Tunai"
"1810","483","QRIS"
"1811","484","Tunai"
"1812","484","Go-pay"
"1813","484","Ovo"
"1814","484","Dana"
"1815","485","Tunai"
"1816","485","Go-pay"
"1817","485","Ovo"
"1818","485","Dana"
"1819","486","Tunai"
"1820","486","Visa"
"1821","486","Master"
"1822","486","Debet"
"1823","487","Tunai"
"1824","487","Visa"
"1825","487","Master"
"1826","487","Debet"
"1827","488","Tunai"
"1828","488","Debet"
"1829","489","Tunai"
"1830","490","Tunai"
"1831","490","Visa"
"1832","490","Master"
"1833","490","Debet"
"1834","491","Tunai"
"1835","492","Tunai"
"1836","492","Debet"
"1837","492","Go-pay"
"1838","492","Ovo"
"1839","493","Tunai"
"1840","493","Visa"
"1841","493","Master"
"1842","493","Debet"
"1843","494","Tunai"
"1844","494","Visa"
"1845","494","Master"
"1846","494","Debet"
"1847","494","QRIS"
"1848","495","Tunai"
"1849","495","Visa"
"1850","495","Master"
"1851","495","Debet"
"1852","495","QRIS"
"1853","496","Tunai"
"1854","496","Visa"
"1855","496","Master"
"1856","496","Debet"
"1857","496","Go-pay"
"1858","496","Ovo"
"1859","496","Dana"
"1860","496","QRIS"
"1861","496","Transfer"
"1862","497","Tunai"
"1863","497","Visa"
"1864","497","Master"
"1865","497","Debet"
"1866","497","QRIS"
"1867","498","Tunai"
"1868","499","Tunai"
"1869","499","Visa"
"1870","499","Master"
"1871","499","Debet"
"1872","499","Go-pay"
"1873","499","Ovo"
"1874","500","Tunai"
"1875","500","Visa"
"1876","500","Master"
"1877","500","Debet"
"1878","501","Tunai"
"1879","501","Visa"
"1880","501","Master"
"1881","501","Debet"
"1882","502","Hanya Non-Tunai: QRIS"
"1883","503","Tunai"
"1884","503","Visa"
"1885","503","Master"
"1886","503","Debet"
"1887","503","Go-pay"
"1888","503","Ovo"
"1889","503","QRIS"
"1890","504","Tunai"
"1891","504","Visa"
"1892","504","Master"
"1893","504","Debet"
"1894","505","Tunai"
"1895","505","Visa"
"1896","505","Master"
"1897","505","Debet"
"1898","505","QRIS"
"1899","506","Tunai"
"1900","506","Go-pay"
"1901","506","Ovo"
"1902","506","Dana"
"1903","507","Tunai"
"1904","507","Visa"
"1905","507","Master"
"1906","507","Debet"
"1907","507","Go-pay"
"1908","507","Ovo"
"1909","508","Tunai"
"1910","508","Visa"
"1911","508","Master"
"1912","508","Debet"
"1913","509","Tunai"
"1914","509","Visa"
"1915","509","Master"
"1916","509","Debet"
"1917","510","Tunai"
"1918","510","Visa"
"1919","510","Master"
"1920","510","Debet"
"1921","510","QRIS"
"1922","511","Tunai"
"1923","511","Debet"
"1924","511","Go-pay"
"1925","511","Ovo"
"1926","512","Tunai"
"1927","512","Visa"
"1928","512","Master"
"1929","512","Debet"
"1930","512","Go-pay"
"1931","512","Ovo"
"1932","512","QRIS"
"1933","513","Tunai"
"1934","513","Visa"
"1935","513","Master"
"1936","513","Debet"
"1937","514","Tunai"
"1938","514","Visa"
"1939","514","Master"
"1940","514","Debet"
"1941","514","Go-pay"
"1942","514","Ovo"
"1943","514","Dana"
"1944","515","Tunai"
"1945","515","Visa"
"1946","515","Master"
"1947","515","Debet"
"1948","515","Go-pay"
"1949","515","Ovo"
"1950","515","Dana"
"1951","516","Tunai"
"1952","516","Go-pay"
"1953","516","Ovo"
"1954","516","Dana"
"1955","516","QRIS"
"1956","516","Transfer"
"1957","517","Tunai"
"1958","518","Hanya Non-Tunai: Debet"
"1959","518","Go-pay"
"1960","518","Ovo"
"1961","518","Dana"
"1962","519","
                        Boulevard Utara - Pintu A "
"1963","520","Tunai"
"1964","520","Visa"
"1965","520","Master"
"1966","520","Debet"
"1967","521","Tunai"
"1968","521","Visa"
"1969","521","Master"
"1970","521","Debet"
"1971","521","Go-pay"
"1972","521","Ovo"
"1973","522","Tunai"
"1974","522","Visa"
"1975","522","Master"
"1976","522","Debet"
"1977","522","Ovo"
"1978","523","Tunai"
"1979","523","Visa"
"1980","523","Master"
"1981","523","Debet"
"1982","524","Tunai"
"1983","524","Visa"
"1984","524","Master"
"1985","524","Debet"
"1986","525","Tunai"
"1987","525","Visa"
"1988","525","Master"
"1989","525","Debet"
"1990","526","Tunai"
"1991","526","Visa"
"1992","526","Master"
"1993","526","Debet"
"1994","526","Go-pay"
"1995","526","Ovo"
"1996","526","Dana"
"1997","527","Tunai"
"1998","527","Visa"
"1999","527","Master"
"2000","527","Debet"
"2001","527","Go-pay"
"2002","527","Ovo"
"2003","527","Dana"
"2004","528","Tunai"
"2005","528","Visa"
"2006","528","Master"
"2007","528","Debet"
"2008","529","Tunai"
"2009","529","Visa"
"2010","529","Master"
"2011","529","Debet"
"2012","530","Tunai"
"2013","530","Visa"
"2014","530","Master"
"2015","530","Debet"
"2016","531","Tunai"
"2017","531","Visa"
"2018","531","Master"
"2019","531","Debet"
"2020","532","Tunai"
"2021","532","Visa"
"2022","532","Master"
"2023","532","Debet"
"2024","532","Go-pay"
"2025","532","Ovo"
"2026","532","Dana"
"2027","533","Tunai"
"2028","533","Visa"
"2029","533","Master"
"2030","533","Debet"
"2031","534","Tunai"
"2032","534","Visa"
"2033","534","Master"
"2034","534","Debet"
"2035","534","Go-pay"
"2036","534","Ovo"
"2037","534","Dana"
"2038","535","Tunai"
"2039","535","Visa"
"2040","535","Master"
"2041","535","Debet"
"2042","536","Tunai"
"2043","536","Visa"
"2044","536","Master"
"2045","536","Debet"
"2046","537","Tunai"
"2047","537","Visa"
"2048","537","Master"
"2049","537","Debet"
"2050","538","Tunai"
"2051","538","Debet"
"2052","539","Tunai"
"2053","539","Visa"
"2054","539","Master"
"2055","539","Debet"
"2056","540","Hanya Non-Tunai: Visa"
"2057","540","Master"
"2058","540","Debet"
"2059","540","Go-pay"
"2060","540","Ovo"
"2061","541","Tunai"
"2062","541","Visa"
"2063","541","Master"
"2064","541","Debet"
"2065","541","Go-pay"
"2066","541","Ovo"
"2067","542","Hanya Non-Tunai: Visa"
"2068","542","Master"
"2069","542","Debet"
"2070","542","Go-pay"
"2071","542","Ovo"
"2072","543","Tunai"
"2073","543","Visa"
"2074","543","Master"
"2075","543","Debet"
"2076","543","Go-pay"
"2077","543","Ovo"
"2078","544","Tunai"
"2079","544","Visa"
"2080","544","Master"
"2081","544","Debet"
"2082","544","Go-pay"
"2083","544","Ovo"
"2084","544","Dana"
"2085","545","Tunai"
"2086","545","Debet"
"2087","546","Tunai"
"2088","546","Visa"
"2089","546","Master"
"2090","546","Debet"
"2091","547","Tunai"
"2092","547","Visa"
"2093","547","Master"
"2094","547","Debet"
"2095","548","Tunai"
"2096","548","Visa"
"2097","548","Master"
"2098","548","Debet"
"2099","549","Tunai"
"2100","549","Visa"
"2101","549","Master"
"2102","549","Debet"
"2103","550","Tunai"
"2104","550","Visa"
"2105","550","Master"
"2106","550","Debet"
"2107","551","Tunai"
"2108","551","Visa"
"2109","551","Master"
"2110","551","Debet"
"2111","551","Go-pay"
"2112","551","Ovo"
"2113","551","QRIS"
"2114","552","Tunai"
"2115","552","Visa"
"2116","552","Master"
"2117","552","Debet"
"2118","552","Go-pay"
"2119","552","Ovo"
"2120","553","Tunai"
"2121","553","Visa"
"2122","553","Master"
"2123","553","Debet"
"2124","553","Go-pay"
"2125","553","Ovo"
"2126","554","Tunai"
"2127","554","Visa"
"2128","554","Master"
"2129","554","Debet"
"2130","555","Tunai"
"2131","555","Visa"
"2132","555","Master"
"2133","555","Debet"
"2134","555","Go-pay"
"2135","555","Ovo"
"2136","555","Dana"
"2137","556","Tunai"
"2138","556","Visa"
"2139","556","Master"
"2140","556","Debet"
"2141","556","Go-pay"
"2142","556","Ovo"
"2143","557","Tunai"
"2144","557","Visa"
"2145","557","Master"
"2146","557","Debet"
"2147","557","QRIS"
"2148","558","Hanya Non-Tunai: Visa"
"2149","558","Master"
"2150","558","Debet"
"2151","558","QRIS"
"2152","559","Tunai"
"2153","559","Visa"
"2154","559","Master"
"2155","559","Debet"
"2156","559","QRIS"
"2157","560","Tunai"
"2158","560","Visa"
"2159","560","Master"
"2160","560","Debet"
"2161","560","Go-pay"
"2162","560","Ovo"
"2163","561","Hanya Non-Tunai: Visa"
"2164","561","Master"
"2165","561","Debet"
"2166","561","Go-pay"
"2167","561","Ovo"
"2168","561","QRIS"
"2169","562","Tunai"
"2170","562","Visa"
"2171","562","Master"
"2172","562","Debet"
"2173","562","Go-pay"
"2174","562","Ovo"
"2175","563","Hanya Non-Tunai: Debet"
"2176","563","QRIS"
"2177","564","Tunai"
"2178","564","Go-pay"
"2179","564","Ovo"
"2180","565","Tunai"
"2181","565","Debet"
"2182","565","Go-pay"
"2183","565","Ovo"
"2184","565","Dana"
"2185","566","Tunai"
"2186","566","Visa"
"2187","566","Master"
"2188","566","Debet"
"2189","567","Tunai"
"2190","567","Visa"
"2191","567","Master"
"2192","567","Debet"
"2193","567","Go-pay"
"2194","568","Tunai"
"2195","568","Go-pay"
"2196","568","Ovo"
"2197","568","Dana"
"2198","569","Tunai"
"2199","569","Visa"
"2200","569","Master"
"2201","569","Debet"
"2202","570","Tunai"
"2203","570","Visa"
"2204","570","Master"
"2205","570","Debet"
"2206","570","Go-pay"
"2207","570","Ovo"
"2208","570","QRIS"
"2209","571","Tunai"
"2210","571","Debet"
"2211","571","QRIS"
"2212","572","Tunai"
"2213","572","Visa"
"2214","572","Master"
"2215","572","Debet"
"2216","572","Go-pay"
"2217","572","Ovo"
"2218","572","Dana"
"2219","573","Tunai"
"2220","573","Visa"
"2221","573","Master"
"2222","573","Debet"
"2223","574","Tunai"
"2224","574","Debet"
"2225","574","Go-pay"
"2226","574","Ovo"
"2227","575","Tunai"
"2228","575","Visa"
"2229","575","Master"
"2230","575","Debet"
"2231","576","Tunai"
"2232","576","Visa"
"2233","576","Master"
"2234","576","Debet"
"2235","576","QRIS"
"2236","577","Tunai"
"2237","577","Visa"
"2238","577","Master"
"2239","577","Debet"
"2240","577","Go-pay"
"2241","577","Ovo"
"2242","578","Tunai"
"2243","578","Debet"
"2244","578","Go-pay"
"2245","578","Ovo"
"2246","579","Tunai"
"2247","579","Visa"
"2248","579","Master"
"2249","579","Debet"
"2250","580","Tunai"
"2251","580","Visa"
"2252","580","Master"
"2253","580","Debet"
"2254","580","Go-pay"
"2255","580","Ovo"
"2256","580","Dana"
"2257","581","Tunai"
"2258","581","Visa"
"2259","581","Master"
"2260","581","Debet"
"2261","582","Tunai"
"2262","582","Debet"
"2263","582","Go-pay"
"2264","582","Ovo"
"2265","583","Tunai"
"2266","584","Tunai"
"2267","584","Debet"
"2268","585","Tunai"
"2269","585","Visa"
"2270","585","Master"
"2271","585","Debet"
"2272","587","Tunai"
"2273","587","Visa"
"2274","587","Master"
"2275","587","Debet"
"2276","587","Go-pay"
"2277","587","Ovo"
"2278","588","Tunai"
"2279","588","Visa"
"2280","588","Master"
"2281","588","Debet"
"2282","589","Tunai"
"2283","589","Visa"
"2284","589","Master"
"2285","589","Debet"
"2286","590","Tunai"
"2287","590","Visa"
"2288","590","Master"
"2289","590","Debet"
"2290","591","Tunai"
"2291","591","Visa"
"2292","591","Master"
"2293","591","Debet"
"2294","591","Go-pay"
"2295","591","Ovo"
"2296","592","Tunai"
"2297","592","Debet"
"2298","593","Tunai"
"2299","594","Tunai"
"2300","594","Visa"
"2301","594","Master"
"2302","594","Debet"
"2303","595","Tunai"
"2304","596","Tunai"
"2305","596","Visa"
"2306","596","Master"
"2307","596","Debet"
"2308","597","Tunai"
"2309","598","Tunai"
"2310","598","Debet"
"2311","599","Tunai"
"2312","599","Debet"
"2313","599","Go-pay"
"2314","599","Ovo"
"2315","599","Dana"
"2316","600","Tunai"
"2317","600","Visa"
"2318","600","Master"
"2319","600","Debet"
"2320","601","Tunai"
"2321","601","Visa"
"2322","601","Master"
"2323","601","Debet"
"2324","601","Go-pay"
"2325","601","Ovo"
"2326","601","Dana"
"2327","602","Tunai"
"2328","602","Debet"
"2329","602","Go-pay"
"2330","602","Ovo"
"2331","602","Dana"
"2332","603","
                        Dukuh Atas - Keluar E "
"2333","604","Tunai"
"2334","604","Debet"
"2335","605","Tunai"
"2336","605","Visa"
"2337","605","Master"
"2338","605","Debet"
"2339","606","Tunai"
"2340","606","Visa"
"2341","606","Master"
"2342","606","Debet"
"2343","606","Go-pay"
"2344","606","Ovo"
"2345","606","Dana"
"2346","607","Tunai"
"2347","607","Visa"
"2348","607","Master"
"2349","607","Debet"
"2350","607","Go-pay"
"2351","607","Ovo"
"2352","608","Tunai"
"2353","608","Visa"
"2354","608","Master"
"2355","608","Debet"
"2356","608","Go-pay"
"2357","608","Ovo"
"2358","608","Dana"
"2359","609","Tunai"
"2360","609","Visa"
"2361","609","Master"
"2362","609","Debet"
"2363","609","Go-pay"
"2364","609","Ovo"
"2365","610","Tunai"
"2366","610","Visa"
"2367","610","Master"
"2368","610","Debet"
"2369","610","Go-pay"
"2370","610","Ovo"
"2371","611","Tunai"
"2372","612","Tunai"
"2373","612","Visa"
"2374","612","Master"
"2375","612","Debet"
"2376","613","Tunai"
"2377","613","Visa"
"2378","613","Master"
"2379","613","Debet"
"2380","614","Tunai"
"2381","614","Visa"
"2382","614","Master"
"2383","614","Debet"
"2384","616","Tunai"
"2385","616","Visa"
"2386","616","Master"
"2387","616","Debet"
"2388","617","Tunai"
"2389","617","Debet"
"2390","618","Tunai"
"2391","618","Visa"
"2392","618","Master"
"2393","618","Debet"
"2394","618","Go-pay"
"2395","618","Ovo"
"2396","619","Tunai"
"2397","619","Visa"
"2398","619","Master"
"2399","619","Debet"
"2400","619","Go-pay"
"2401","619","Ovo"
"2402","619","Dana"
"2403","620","Tunai"
"2404","620","Visa"
"2405","620","Master"
"2406","620","Debet"
"2407","621","Tunai"
"2408","621","Visa"
"2409","621","Master"
"2410","621","Debet"
"2411","622","Tunai"
"2412","622","Go-pay"
"2413","622","Ovo"
"2414","622","Dana"
"2415","623","Tunai"
"2416","623","Visa"
"2417","623","Master"
"2418","623","Debet"
"2419","624","Tunai"
"2420","624","Visa"
"2421","624","Master"
"2422","624","Debet"
"2423","624","Go-pay"
"2424","624","Ovo"
"2425","624","Dana"
"2426","624","QRIS"
"2427","625","Tunai"
"2428","625","Visa"
"2429","625","Master"
"2430","625","Debet"
"2431","625","Go-pay"
"2432","625","Ovo"
"2433","625","Dana"
"2434","626","Tunai"
"2435","626","Visa"
"2436","626","Master"
"2437","626","Debet"
"2438","626","Go-pay"
"2439","626","Ovo"
"2440","627","Tunai"
"2441","627","Visa"
"2442","627","Master"
"2443","627","Debet"
"2444","628","Tunai"
"2445","629","Tunai"
"2446","629","Visa"
"2447","629","Master"
"2448","629","Debet"
"2449","630","Tunai"
"2450","631","Tunai"
"2451","631","Visa"
"2452","631","Master"
"2453","631","Debet"
"2454","632","Tunai"
"2455","633","Tunai"
"2456","633","Visa"
"2457","633","Debet"
"2458","634","Tunai"
"2459","634","Kartu"
"2460","635","Tunai"
"2461","636","Tunai"
"2462","636","Visa"
"2463","636","Debet"
"2464","637","Tunai"
"2465","637","Visa"
"2466","637","Master"
"2467","637","Debet"
"2468","637","Ovo"
"2469","637","Dana"
"2470","638","Tunai"
"2471","638","Visa"
"2472","638","Master"
"2473","638","Debet"
"2474","639","Tunai"
"2475","639","Visa"
"2476","639","Master"
"2477","639","Debet"
"2478","640","Tunai"
"2479","640","Visa"
"2480","640","Master"
"2481","640","Debet"
"2482","642","Tunai"
"2483","642","Visa"
"2484","642","Master"
"2485","642","Debet"
"2486","643","Tunai"
"2487","643","Visa"
"2488","643","Master"
"2489","643","Debet"
"2490","644","Hanya Non-Tunai: Visa"
"2491","644","Master"
"2492","644","Debet"
"2493","644","Go-pay"
"2494","644","Ovo"
"2495","644","Dana"
"2496","645","Tunai"
"2497","645","Visa"
"2498","645","Master"
"2499","645","Debet"
"2500","646","Tunai"
"2501","646","Visa"
"2502","646","Master"
"2503","646","Debet"
"2504","647","Tunai"
"2505","648","Tunai"
"2506","648","Visa"
"2507","648","Master"
"2508","648","Debet"
"2509","649","Tunai"
"2510","650","Tunai"
"2511","652","Tunai"
"2512","652","Debet"
"2513","653","Tunai"
"2514","655","Tunai"
"2515","655","Visa"
"2516","655","Master"
"2517","655","Debet"
"2518","656","Tunai"
"2519","656","Debet"
"2520","656","Go-pay"
"2521","657","Tunai"
"2522","657","Visa"
"2523","657","Master"
"2524","657","Debet"
"2525","657","Go-pay"
"2526","657","Ovo"
"2527","657","QRIS"
"2528","658","Tunai"
"2529","658","Visa"
"2530","658","Master"
"2531","658","Debet"
"2532","658","Go-pay"
"2533","658","Ovo"
"2534","658","QRIS"
"2535","659","Tunai"
"2536","659","Visa"
"2537","659","Master"
"2538","659","Debet"
"2539","659","Go-pay"
"2540","659","Ovo"
"2541","660","Tunai"
"2542","660","Visa"
"2543","660","Master"
"2544","660","Debet"
"2545","660","Go-pay"
"2546","660","Ovo"
"2547","661","Tunai"
"2548","661","Visa"
"2549","661","Master"
"2550","661","Debet"
"2551","661","Go-pay"
"2552","661","Ovo"
"2553","661","QRIS"
"2554","662","Tunai"
"2555","662","Visa"
"2556","662","Master"
"2557","662","Debet"
"2558","663","Tunai"
"2559","663","Go-pay"
"2560","663","Ovo"
"2561","663","Dana"
"2562","664","Tunai"
"2563","664","Visa"
"2564","664","Master"
"2565","664","Debet"
"2566","664","Go-pay"
"2567","664","Ovo"
"2568","665","Tunai"
"2569","665","Visa"
"2570","665","Master"
"2571","665","Debet"
"2572","666","Tunai"
"2573","666","Visa"
"2574","666","Master"
"2575","666","Debet"
"2576","667","Tunai"
"2577","667","Visa"
"2578","667","Master"
"2579","667","Debet"
"2580","668","Tunai"
"2581","668","Visa"
"2582","668","Master"
"2583","668","Debet"
"2584","669","Tunai"
"2585","669","Visa"
"2586","669","Master"
"2587","669","Debet"
"2588","670","Tunai"
"2589","670","Visa"
"2590","670","Master"
"2591","670","Debet"
"2592","671","Tunai"
"2593","671","Debet"
"2594","671","Go-pay"
"2595","671","Ovo"
"2596","671","Dana"
"2597","672","Tunai"
"2598","672","Visa"
"2599","672","Master"
"2600","672","Debet"
"2601","673","Tunai"
"2602","673","Visa"
"2603","673","Master"
"2604","673","Debet"
"2605","674","Tunai"
"2606","674","Visa"
"2607","674","Master"
"2608","674","Debet"
"2609","675","Tunai"
"2610","675","Visa"
"2611","675","Master"
"2612","675","Debet"
"2613","676","Hanya Non-Tunai: Visa"
"2614","676","Master"
"2615","676","Debet"
"2616","676","Go-pay"
"2617","676","Ovo"
"2618","676","Dana"
"2619","677","Tunai"
"2620","677","Debet"
"2621","677","Transfer"
"2622","678","Tunai"
"2623","678","Visa"
"2624","678","Master"
"2625","678","Debet"
"2626","679","Tunai"
"2627","679","Visa"
"2628","679","Master"
"2629","679","Debet"
"2630","680","Tunai"
"2631","680","Visa"
"2632","680","Master"
"2633","680","Debet"
"2634","681","Tunai"
"2635","681","Visa"
"2636","681","Master"
"2637","681","Debet"
"2638","681","Go-pay"
"2639","681","Ovo"
"2640","682","Tunai"
"2641","682","Visa"
"2642","682","Master"
"2643","682","Debet"
"2644","683","Tunai"
"2645","684","Tunai"
"2646","684","Debet"
"2647","685","Tunai"
"2648","685","Go-pay"
"2649","685","Ovo"
"2650","685","Dana"
"2651","686","Hanya Non-Tunai: Debet"
"2652","686","Go-pay"
"2653","686","Ovo"
"2654","687","Tunai"
"2655","687","Go-pay"
"2656","687","Ovo"
"2657","687","Dana"
"2658","688","Tunai"
"2659","688","Visa"
"2660","688","Master"
"2661","688","Debet"
"2662","689","Tunai"
"2663","689","Visa"
"2664","689","Master"
"2665","689","Debet"
"2666","689","Go-pay"
"2667","689","Ovo"
"2668","690","Tunai"
"2669","690","Visa"
"2670","690","Master"
"2671","690","Debet"
"2672","690","Go-pay"
"2673","690","Ovo"
"2674","691","Tunai"
"2675","691","Visa"
"2676","691","Master"
"2677","691","Debet"
"2678","692","Tunai"
"2679","692","Visa"
"2680","692","Master"
"2681","692","Debet"
"2682","692","Go-pay"
"2683","692","Ovo"
"2684","692","Dana"
"2685","693","Tunai"
"2686","693","Visa"
"2687","693","Master"
"2688","693","Debet"
"2689","693","Go-pay"
"2690","693","Ovo"
"2691","693","Dana"
"2692","694","Tunai"
"2693","694","Go-pay"
"2694","694","Ovo"
"2695","694","Dana"
"2696","695","Tunai"
"2697","695","Visa"
"2698","695","Debet"
"2699","696","Tunai"
"2700","697","Tunai"
"2701","697","Visa"
"2702","697","Master"
"2703","697","Debet"
"2704","697","Go-pay"
"2705","697","Ovo"
"2706","697","Dana"
"2707","698","Tunai"
"2708","698","Visa"
"2709","698","Master"
"2710","698","Debet"
"2711","699","Tunai"
"2712","699","Debet"
"2713","700","Tunai"
"2714","700","Visa"
"2715","700","Master"
"2716","700","Debet"
"2717","701","Hanya Non-Tunai: Visa"
"2718","701","Master"
"2719","701","Debet"
"2720","702","Tunai"
"2721","702","Visa"
"2722","702","Master"
"2723","702","Debet"
"2724","702","Ovo"
"2725","703","Tunai"
"2726","703","Visa"
"2727","703","Master"
"2728","703","Debet"
"2729","703","Go-pay"
"2730","703","Ovo"
"2731","703","Dana"
"2732","704","Tunai"
"2733","704","Visa"
"2734","704","Master"
"2735","704","Debet"
"2736","705","Tunai"
"2737","705","Visa"
"2738","705","Master"
"2739","705","Debet"
"2740","705","Go-pay"
"2741","705","Ovo"
"2742","705","Dana"
"2743","706","Tunai"
"2744","706","Visa"
"2745","706","Master"
"2746","706","Debet"
"2747","706","QRIS"
"2748","707","Tunai"
"2749","707","Visa"
"2750","707","Master"
"2751","707","Debet"
"2752","708","Hanya Non-Tunai: Debet"
"2753","708","Go-pay"
"2754","708","Ovo"
"2755","708","Dana"
"2756","708","QRIS"
"2757","709","Tunai"
"2758","709","Visa"
"2759","709","Master"
"2760","709","Debet"
"2761","709","QRIS"
"2762","710","Tunai"
"2763","710","Visa"
"2764","710","Master"
"2765","710","Debet"
"2766","710","QRIS"
"2767","711","Tunai"
"2768","711","Visa"
"2769","711","Master"
"2770","711","Debet"
"2771","711","QRIS"
"2772","712","Tunai"
"2773","713","Tunai"
"2774","713","QRIS"
"2775","714","Tunai"
"2776","714","Go-pay"
"2777","714","Ovo"
"2778","715","Hanya Non-Tunai: Visa"
"2779","715","Master"
"2780","715","Debet"
"2781","715","Go-pay"
"2782","715","Ovo"
"2783","715","Dana"
"2784","716","Tunai"
"2785","716","Visa"
"2786","716","Master"
"2787","716","Debet"
"2788","716","Go-pay"
"2789","716","Ovo"
"2790","716","QRIS"
"2791","717","Tunai"
"2792","717","Visa"
"2793","717","Master"
"2794","717","Debet"
"2795","717","Go-pay"
"2796","717","Ovo"
"2797","718","Tunai"
"2798","718","Visa"
"2799","718","Master"
"2800","718","Debet"
"2801","718","Go-pay"
"2802","718","Ovo"
"2803","719","Tunai"
"2804","719","Go-pay"
"2805","719","Ovo"
"2806","719","Dana"
"2807","720","Hanya Non-Tunai: Visa"
"2808","720","Master"
"2809","720","Debet"
"2810","720","Go-pay"
"2811","721","Tunai"
"2812","721","Visa"
"2813","721","Master"
"2814","721","Debet"
"2815","722","Tunai"
"2816","722","Visa"
"2817","722","Master"
"2818","722","Debet"
"2819","722","Go-pay"
"2820","722","Ovo"
"2821","723","Tunai"
"2822","723","Visa"
"2823","723","Master"
"2824","723","Debet"
"2825","724","Hanya Non-Tunai: Debet"
"2826","724","Go-pay"
"2827","724","Ovo"
"2828","724","Dana"
"2829","725","Tunai"
"2830","725","Visa"
"2831","725","Master"
"2832","725","Debet"
"2833","726","Tunai"
"2834","726","Visa"
"2835","726","Master"
"2836","726","Debet"
"2837","726","Go-pay"
"2838","726","Ovo"
"2839","727","Tunai"
"2840","727","Visa"
"2841","727","Master"
"2842","727","Debet"
"2843","727","Go-pay"
"2844","727","Ovo"
"2845","727","Dana"
"2846","728","Tunai"
"2847","728","Visa"
"2848","728","Master"
"2849","728","Debet"
"2850","729","Tunai"
"2851","729","Visa"
"2852","729","Master"
"2853","729","Debet"
"2854","730","Tunai"
"2855","730","Go-pay"
"2856","730","Ovo"
"2857","730","Dana"
"2858","731","Tunai"
"2859","731","Visa"
"2860","731","Master"
"2861","731","Debet"
"2862","731","Go-pay"
"2863","731","Ovo"
"2864","731","Dana"
"2865","732","Hanya Non-Tunai: Visa"
"2866","732","Master"
"2867","732","Debet"
"2868","732","Go-pay"
"2869","732","Ovo"
"2870","733","Tunai"
"2871","733","Visa"
"2872","733","Master"
"2873","733","Debet"
"2874","733","Go-pay"
"2875","733","Ovo"
"2876","733","Dana"
"2877","734","Tunai"
"2878","735","Tunai"
"2879","735","Visa"
"2880","735","Master"
"2881","735","Debet"
"2882","737","Tunai"
"2883","737","Go-pay"
"2884","737","Ovo"
"2885","738","Tunai"
"2886","738","Visa"
"2887","738","Master"
"2888","738","Debet"
"2889","738","Go-pay"
"2890","738","Ovo"
"2891","738","Dana"
"2892","739","Tunai"
"2893","739","Debet"
"2894","739","Go-pay"
"2895","739","Ovo"
"2896","739","Dana"
"2897","740","Tunai"
"2898","740","Go-pay"
"2899","740","Ovo"
"2900","741","Tunai"
"2901","741","Visa"
"2902","741","Master"
"2903","741","Debet"
"2904","742","Tunai"
"2905","742","Debet"
"2906","742","Go-pay"
"2907","742","Ovo"
"2908","743","Tunai"
"2909","744","Tunai"
"2910","745","Tunai"
"2911","745","Debet"
"2912","745","Go-pay"
"2913","745","Ovo"
"2914","745","Dana"
"2915","746","Tunai"
"2916","747","Tunai"
"2917","747","QRIS"
"2918","748","Tunai"
"2919","748","Visa"
"2920","748","Master"
"2921","748","Debet"
"2922","749","Tunai"
"2923","751","Tunai"
"2924","751","Visa"
"2925","751","Master"
"2926","751","Debet"
"2927","751","Ovo"
"2928","751","Dana"
"2929","752","Tunai"
"2930","753","Tunai"
"2931","753","Visa"
"2932","753","Master"
"2933","753","Debet"
"2934","754","Tunai"
"2935","754","Debet"
"2936","754","Go-pay"
"2937","754","Ovo"
"2938","754","Dana"
"2939","756","Tunai"
"2940","756","Visa"
"2941","756","Master"
"2942","756","Debet"
"2943","756","Go-pay"
"2944","756","Ovo"
"2945","758","Tunai"
"2946","758","Debet"
"2947","758","Go-pay"
"2948","758","Ovo"
"2949","758","Dana"
"2950","759","Tunai"
"2951","759","Visa"
"2952","759","Master"
"2953","759","Debet"
"2954","759","Go-pay"
"2955","759","Ovo"
"2956","759","Dana"
"2957","761","Tunai"
"2958","761","Debet"
"2959","761","Go-pay"
"2960","761","Ovo"
"2961","762","Tunai"
"2962","762","Visa"
"2963","762","Master"
"2964","762","Debet"
"2965","763","Tunai"
"2966","763","Visa"
"2967","763","Master"
"2968","763","Debet"
"2969","764","Tunai"
"2970","764","Debet"
"2971","765","Tunai"
"2972","766","Tunai"
"2973","766","Debet"
"2974","767","Tunai"
"2975","767","Debet"
"2976","767","Go-pay"
"2977","767","Ovo"
"2978","767","QRIS"
"2979","768","Tunai"
"2980","768","Visa"
"2981","768","Master"
"2982","768","Debet"
"2983","769","Tunai"
"2984","769","Visa"
"2985","769","Master"
"2986","769","Debet"
"2987","770","Tunai"
"2988","771","Tunai"
"2989","771","Visa"
"2990","771","Master"
"2991","771","Debet"
"2992","771","QRIS"
"2993","772","Tunai"
"2994","773","Tunai"
"2995","773","Visa"
"2996","773","Master"
"2997","773","Debet"
"2998","773","QRIS"
"2999","774","Tunai"
"3000","775","Tunai"
"3001","775","QRIS"
"3002","776","Tunai"
"3003","776","Visa"
"3004","776","Master"
"3005","776","Debet"
"3006","776","QRIS"
"3007","777","Hanya Non-Tunai: Visa"
"3008","777","Master"
"3009","777","Debet"
"3010","777","QRIS"
"3011","778","Tunai"
"3012","779","Tunai"
"3013","779","Debet"
"3014","780","Tunai"
"3015","780","Visa"
"3016","780","Master"
"3017","780","Debet"
"3018","780","QRIS"
"3019","781","Tunai"
"3020","781","Visa"
"3021","781","Master"
"3022","781","Debet"
"3023","782","Tunai"
"3024","782","Visa"
"3025","782","Master"
"3026","782","Debet"
"3027","783","Tunai"
"3028","783","Visa"
"3029","783","Master"
"3030","783","Debet"
"3031","783","QRIS"
"3032","784","Tunai"
"3033","784","Visa"
"3034","784","Master"
"3035","784","Debet"
"3036","784","QRIS"
"3037","785","Tunai"
"3038","785","Visa"
"3039","785","Master"
"3040","785","Debet"
"3041","785","QRIS"
"3042","786","Tunai"
"3043","786","Visa"
"3044","786","Master"
"3045","786","Debet"
"3046","786","Go-pay"
"3047","786","Ovo"
"3048","786","QRIS"
"3049","787","Tunai"
"3050","787","Visa"
"3051","787","Master"
"3052","787","Debet"
"3053","787","QRIS"
"3054","788","Tunai"
"3055","789","Tunai"
"3056","789","Visa"
"3057","789","Master"
"3058","789","Debet"
"3059","789","Go-pay"
"3060","789","Ovo"
"3061","790","Tunai"
"3062","790","QRIS"
"3063","791","Tunai"
"3064","791","Visa"
"3065","791","Master"
"3066","791","Debet"
"3067","791","Go-pay"
"3068","791","Ovo"
"3069","791","QRIS"
"3070","792","Tunai"
"3071","792","Visa"
"3072","792","Master"
"3073","792","Debet"
"3074","792","Go-pay"
"3075","792","Ovo"
"3076","792","QRIS"
"3077","793","Tunai"
"3078","793","Visa"
"3079","793","Master"
"3080","793","Debet"
"3081","793","Go-pay"
"3082","793","Ovo"
"3083","794","Tunai"
"3084","794","Visa"
"3085","794","Master"
"3086","794","Debet"
"3087","795","Tunai"
"3088","795","Visa"
"3089","795","Master"
"3090","795","Debet"
"3091","796","Tunai"
"3092","796","Visa"
"3093","796","Master"
"3094","796","Debet"
"3095","796","Go-pay"
"3096","796","Ovo"
"3097","797","Tunai"
"3098","797","Visa"
"3099","797","Master"
"3100","797","Debet"
