"id","restaurant_id","facility"
"1","1","Wifi"
"2","1","Area merokok"
"3","1","Area outdoor"
"4","1","100% Halal"
"5","1","Ruang VIP"
"6","1","Bisa reservasi"
"7","1","Area parkir"
"8","2","Wifi"
"9","2","Area merokok"
"10","2","Area outdoor"
"11","2","100% Halal"
"12","2","Ruang VIP"
"13","2","Bisa reservasi"
"14","2","Area parkir"
"15","3","Wifi"
"16","3","Area merokok"
"17","3","Area outdoor"
"18","3","100% Halal"
"19","3","Ruang VIP"
"20","3","Bisa reservasi"
"21","3","Area parkir"
"22","4","Area parkir"
"23","6","Area merokok"
"24","6","100% Halal"
"25","6","Bisa reservasi"
"26","6","Area parkir"
"27","7","Wifi"
"28","7","Area merokok"
"29","7","Area outdoor"
"30","7","100% Halal"
"31","7","Ruang VIP"
"32","7","Bisa reservasi"
"33","7","Area parkir"
"34","8","Wifi"
"35","8","Area merokok"
"36","8","100% Halal"
"37","8","Ruang VIP"
"38","8","Bisa reservasi"
"39","8","Area parkir"
"40","9","Wifi"
"41","9","Area merokok"
"42","9","Area outdoor"
"43","9","100% Halal"
"44","9","Bisa reservasi"
"45","9","Area parkir"
"46","10","Wifi"
"47","10","Area merokok"
"48","10","Area outdoor"
"49","10","Bisa reservasi"
"50","10","Area parkir"
"51","10","Alkohol"
"52","11","Wifi"
"53","11","100% Halal"
"54","11","Ruang VIP"
"55","11","Bisa reservasi"
"56","11","Area parkir"
"57","11","Alkohol"
"58","12","Wifi"
"59","12","Area outdoor"
"60","12","Bisa reservasi"
"61","12","Area parkir"
"62","13","Wifi"
"63","13","100% Halal"
"64","13","Bisa reservasi"
"65","13","Area parkir"
"66","13","Alkohol"
"67","14","Wifi"
"68","14","100% Halal"
"69","14","Area parkir"
"70","15","Pesan antar"
"71","15","Area merokok"
"72","15","Area outdoor"
"73","15","100% Halal"
"74","15","Bisa reservasi"
"75","15","Area parkir"
"76","16","Wifi"
"77","16","Area merokok"
"78","16","Area outdoor"
"79","16","100% Halal"
"80","16","Area parkir"
"81","17","Wifi"
"82","17","Area merokok"
"83","17","Area outdoor"
"84","17","100% Halal"
"85","17","Ruang VIP"
"86","17","Bisa reservasi"
"87","17","Area parkir"
"88","18","Wifi"
"89","18","Pesan antar"
"90","18","Bisa reservasi"
"91","18","Area parkir"
"92","18","Alkohol"
"93","19","Area merokok"
"94","19","Area outdoor"
"95","19","100% Halal"
"96","19","Bisa reservasi"
"97","19","Area parkir"
"98","20","Wifi"
"99","20","Pesan antar"
"100","20","Area merokok"
"101","20","Area outdoor"
"102","20","100% Halal"
"103","20","Bisa reservasi"
"104","20","Area parkir"
"105","21","Wifi"
"106","21","Area merokok"
"107","21","Area outdoor"
"108","21","100% Halal"
"109","21","Bisa reservasi"
"110","21","Area parkir"
"111","21","Alkohol"
"112","22","Wifi"
"113","22","Area merokok"
"114","22","Area outdoor"
"115","22","100% Halal"
"116","22","Area parkir"
"117","23","Area merokok"
"118","23","100% Halal"
"119","23","Bisa reservasi"
"120","23","Area parkir"
"121","23","Alkohol"
"122","24","Wifi"
"123","24","Area merokok"
"124","24","Area outdoor"
"125","24","100% Halal"
"126","24","Ruang VIP"
"127","24","Bisa reservasi"
"128","24","Area parkir"
"129","25","100% Halal"
"130","25","Bisa reservasi"
"131","25","Area parkir"
"132","26","Wifi"
"133","26","Area merokok"
"134","26","Area outdoor"
"135","26","100% Halal"
"136","26","Ruang VIP"
"137","26","Bisa reservasi"
"138","26","Area parkir"
"139","27","Wifi"
"140","27","Area merokok"
"141","27","Area outdoor"
"142","27","100% Halal"
"143","27","Bisa reservasi"
"144","27","Area parkir"
"145","28","Wifi"
"146","28","Area merokok"
"147","28","Bisa reservasi"
"148","28","Area parkir"
"149","28","Alkohol"
"150","29","Wifi"
"151","29","Area merokok"
"152","29","Area outdoor"
"153","29","100% Halal"
"154","29","Ruang VIP"
"155","29","Bisa reservasi"
"156","29","Area parkir"
"157","29","Alkohol"
"158","30","Wifi"
"159","30","Area merokok"
"160","30","Area outdoor"
"161","30","Area parkir"
"162","31","Wifi"
"163","31","Ruang VIP"
"164","31","Bisa reservasi"
"165","31","Area parkir"
"166","31","Alkohol"
"167","32","Wifi"
"168","32","Area merokok"
"169","32","Area outdoor"
"170","32","Bisa reservasi"
"171","32","Area parkir"
"172","33","Wifi"
"173","33","Area merokok"
"174","33","Area outdoor"
"175","33","100% Halal"
"176","33","Bisa reservasi"
"177","33","Area parkir"
"178","34","Wifi"
"179","34","100% Halal"
"180","34","Area parkir"
"181","35","Wifi"
"182","35","100% Halal"
"183","35","Area parkir"
"184","36","Wifi"
"185","36","Area merokok"
"186","36","100% Halal"
"187","36","Area parkir"
"188","37","Area merokok"
"189","37","100% Halal"
"190","37","Bisa reservasi"
"191","37","Area parkir"
"192","38","Wifi"
"193","38","Area merokok"
"194","38","Area outdoor"
"195","38","100% Halal"
"196","38","Bisa reservasi"
"197","38","Area parkir"
"198","39","100% Halal"
"199","39","Bisa reservasi"
"200","39","Area parkir"
"201","40","Area merokok"
"202","40","Area parkir"
"203","41","100% Halal"
"204","41","Area parkir"
"205","42","Wifi"
"206","42","Area merokok"
"207","42","Area outdoor"
"208","42","100% Halal"
"209","42","Ruang VIP"
"210","42","Bisa reservasi"
"211","42","Area parkir"
"212","43","Wifi"
"213","43","Area merokok"
"214","43","Area outdoor"
"215","43","100% Halal"
"216","43","Area parkir"
"217","44","100% Halal"
"218","44","Area parkir"
"219","45","Wifi"
"220","45","Area merokok"
"221","45","Area outdoor"
"222","45","100% Halal"
"223","45","Bisa reservasi"
"224","45","Area parkir"
"225","46","Wifi"
"226","46","Area merokok"
"227","46","Area outdoor"
"228","46","100% Halal"
"229","46","Bisa reservasi"
"230","46","Area parkir"
"231","46","Alkohol"
"232","47","100% Halal"
"233","47","Area parkir"
"234","48","Area merokok"
"235","48","100% Halal"
"236","48","Area parkir"
"237","49","Wifi"
"238","49","Area merokok"
"239","49","100% Halal"
"240","49","Bisa reservasi"
"241","49","Area parkir"
"242","50","Area merokok"
"243","50","Area outdoor"
"244","50","100% Halal"
"245","50","Area parkir"
"246","51","Wifi"
"247","51","Area merokok"
"248","51","Area outdoor"
"249","51","100% Halal"
"250","51","Bisa reservasi"
"251","51","Area parkir"
"252","52","Pesan antar"
"253","52","100% Halal"
"254","52","Area parkir"
"255","53","100% Halal"
"256","53","Area parkir"
"257","54","Area parkir"
"258","55","100% Halal"
"259","56","Wifi"
"260","56","Area merokok"
"261","56","Area outdoor"
"262","56","100% Halal"
"263","56","Area parkir"
"264","57","100% Halal"
"265","57","Area parkir"
"266","58","Wifi"
"267","58","Area merokok"
"268","58","Area outdoor"
"269","58","100% Halal"
"270","58","Area parkir"
"271","59","Area merokok"
"272","59","Area outdoor"
"273","59","100% Halal"
"274","59","Area parkir"
"275","60","Wifi"
"276","60","Ruang VIP"
"277","60","Bisa reservasi"
"278","60","Area parkir"
"279","60","Alkohol"
"280","61","Area merokok"
"281","61","100% Halal"
"282","61","Bisa reservasi"
"283","61","Area parkir"
"284","62","Bisa reservasi"
"285","62","Area parkir"
"286","63","100% Halal"
"287","63","Area parkir"
"288","63","Alkohol"
"289","64","Wifi"
"290","64","Area merokok"
"291","64","Ruang VIP"
"292","64","Bisa reservasi"
"293","64","Area parkir"
"294","64","Alkohol"
"295","65","Area merokok"
"296","65","Area parkir"
"297","66","Wifi"
"298","66","Pesan antar"
"299","66","100% Halal"
"300","66","Ruang VIP"
"301","66","Bisa reservasi"
"302","66","Area parkir"
"303","67","Wifi"
"304","67","Bisa reservasi"
"305","67","Area parkir"
"306","68","Wifi"
"307","68","Area merokok"
"308","68","Area outdoor"
"309","68","100% Halal"
"310","68","Bisa reservasi"
"311","68","Area parkir"
"312","69","100% Halal"
"313","69","Ruang VIP"
"314","69","Bisa reservasi"
"315","69","Area parkir"
"316","70","Area merokok"
"317","70","24 Jam"
"318","70","Ruang VIP"
"319","70","Bisa reservasi"
"320","70","Area parkir"
"321","70","Alkohol"
"322","71","Wifi"
"323","71","Area merokok"
"324","71","Area outdoor"
"325","71","100% Halal"
"326","71","Bisa reservasi"
"327","71","Area parkir"
"328","72","Wifi"
"329","72","Area merokok"
"330","72","100% Halal"
"331","72","Area parkir"
"332","73","Wifi"
"333","73","Area merokok"
"334","73","Area outdoor"
"335","73","100% Halal"
"336","73","Ruang VIP"
"337","73","Bisa reservasi"
"338","73","Area parkir"
"339","73","Alkohol"
"340","74","100% Halal"
"341","74","Area parkir"
"342","75","100% Halal"
"343","75","Area parkir"
"344","76","Wifi"
"345","76","Area merokok"
"346","76","Area outdoor"
"347","76","100% Halal"
"348","76","Ruang VIP"
"349","76","Bisa reservasi"
"350","76","Area parkir"
"351","77","Area parkir"
"352","78","Wifi"
"353","78","Area merokok"
"354","78","Area outdoor"
"355","78","Bisa reservasi"
"356","78","Area parkir"
"357","79","100% Halal"
"358","79","Area parkir"
"359","80","100% Halal"
"360","80","Area parkir"
"361","81","Wifi"
"362","81","Area merokok"
"363","81","Area outdoor"
"364","81","100% Halal"
"365","81","Bisa reservasi"
"366","81","Area parkir"
"367","82","Wifi"
"368","82","Bisa reservasi"
"369","82","Area parkir"
"370","82","Alkohol"
"371","83","Ruang VIP"
"372","83","Bisa reservasi"
"373","83","Area parkir"
"374","83","Alkohol"
"375","84","100% Halal"
"376","84","Bisa reservasi"
"377","84","Area parkir"
"378","85","Wifi"
"379","85","Area merokok"
"380","85","Area outdoor"
"381","85","Bisa reservasi"
"382","85","Area parkir"
"383","86","100% Halal"
"384","86","Bisa reservasi"
"385","86","Area parkir"
"386","87","Area merokok"
"387","87","100% Halal"
"388","87","Area parkir"
"389","88","Wifi"
"390","88","100% Halal"
"391","88","Area parkir"
"392","89","Area merokok"
"393","89","100% Halal"
"394","89","Area parkir"
"395","90","100% Halal"
"396","90","Area parkir"
"397","91","Wifi"
"398","91","100% Halal"
"399","91","Ruang VIP"
"400","91","Bisa reservasi"
"401","91","Area parkir"
"402","91","Alkohol"
"403","92","Wifi"
"404","92","100% Halal"
"405","92","Area parkir"
"406","93","Wifi"
"407","93","100% Halal"
"408","93","Bisa reservasi"
"409","93","Area parkir"
"410","93","Alkohol"
"411","94","100% Halal"
"412","94","Area parkir"
"413","95","Wifi"
"414","95","100% Halal"
"415","95","Bisa reservasi"
"416","95","Area parkir"
"417","96","Wifi"
"418","96","100% Halal"
"419","96","Ruang VIP"
"420","96","Bisa reservasi"
"421","96","Area parkir"
"422","97","100% Halal"
"423","97","Area parkir"
"424","98","100% Halal"
"425","98","Bisa reservasi"
"426","98","Area parkir"
"427","99","100% Halal"
"428","99","Area parkir"
"429","100","100% Halal"
"430","101","Wifi"
"431","101","Area merokok"
"432","101","Area outdoor"
"433","101","100% Halal"
"434","101","Bisa reservasi"
"435","101","Area parkir"
"436","102","100% Halal"
"437","102","Area parkir"
"438","103","Area merokok"
"439","103","100% Halal"
"440","103","Area parkir"
"441","104","Area merokok"
"442","104","100% Halal"
"443","104","Area parkir"
"444","105","100% Halal"
"445","105","Area parkir"
"446","106","Bisa reservasi"
"447","106","Area parkir"
"448","106","Alkohol"
"449","107","Wifi"
"450","107","Area merokok"
"451","107","Area outdoor"
"452","107","100% Halal"
"453","107","Bisa reservasi"
"454","107","Area parkir"
"455","108","Wifi"
"456","108","100% Halal"
"457","108","Area parkir"
"458","109","Wifi"
"459","109","Area merokok"
"460","109","Area outdoor"
"461","109","100% Halal"
"462","109","Bisa reservasi"
"463","109","Area parkir"
"464","110","Wifi"
"465","110","Area merokok"
"466","110","Ruang VIP"
"467","110","Bisa reservasi"
"468","110","Area parkir"
"469","110","Alkohol"
"470","111","Wifi"
"471","111","Area merokok"
"472","111","Area outdoor"
"473","111","100% Halal"
"474","111","Bisa reservasi"
"475","111","Area parkir"
"476","112","Wifi"
"477","112","Area merokok"
"478","112","100% Halal"
"479","112","Ruang VIP"
"480","112","Bisa reservasi"
"481","112","Area parkir"
"482","113","Wifi"
"483","113","Area merokok"
"484","113","Area outdoor"
"485","113","100% Halal"
"486","113","Bisa reservasi"
"487","113","Area parkir"
"488","114","Wifi"
"489","114","Area merokok"
"490","114","Area outdoor"
"491","114","100% Halal"
"492","114","Bisa reservasi"
"493","114","Area parkir"
"494","115","Wifi"
"495","115","Area merokok"
"496","115","Area outdoor"
"497","115","100% Halal"
"498","115","Bisa reservasi"
"499","115","Area parkir"
"500","116","Wifi"
"501","116","100% Halal"
"502","116","Area parkir"
"503","117","100% Halal"
"504","117","Area parkir"
"505","118","Wifi"
"506","118","Area merokok"
"507","118","Area outdoor"
"508","118","Bisa reservasi"
"509","118","Area parkir"
"510","118","Alkohol"
"511","119","Wifi"
"512","119","Area merokok"
"513","119","Area outdoor"
"514","119","100% Halal"
"515","119","Bisa reservasi"
"516","119","Area parkir"
"517","120","100% Halal"
"518","120","Area parkir"
"519","121","Wifi"
"520","121","Pesan antar"
"521","121","Area merokok"
"522","121","100% Halal"
"523","121","Ruang VIP"
"524","121","Bisa reservasi"
"525","121","Area parkir"
"526","122","Wifi"
"527","122","Area merokok"
"528","122","Area outdoor"
"529","122","100% Halal"
"530","122","Area parkir"
"531","123","Wifi"
"532","123","Area merokok"
"533","123","Area outdoor"
"534","123","100% Halal"
"535","123","Bisa reservasi"
"536","123","Area parkir"
"537","124","Wifi"
"538","124","100% Halal"
"539","124","Bisa reservasi"
"540","124","Area parkir"
"541","125","Wifi"
"542","125","Area merokok"
"543","125","100% Halal"
"544","125","Bisa reservasi"
"545","125","Area parkir"
"546","125","Alkohol"
"547","126","Wifi"
"548","126","Area merokok"
"549","126","Area outdoor"
"550","126","100% Halal"
"551","126","Bisa reservasi"
"552","126","Area parkir"
"553","127","Area merokok"
"554","127","Area outdoor"
"555","127","100% Halal"
"556","127","Bisa reservasi"
"557","127","Area parkir"
"558","128","Wifi"
"559","128","Area merokok"
"560","128","Area outdoor"
"561","128","100% Halal"
"562","128","Bisa reservasi"
"563","128","Area parkir"
"564","129","100% Halal"
"565","129","Area parkir"
"566","130","Wifi"
"567","130","Area merokok"
"568","130","Area outdoor"
"569","130","100% Halal"
"570","130","Bisa reservasi"
"571","130","Area parkir"
"572","130","Alkohol"
"573","131","Wifi"
"574","131","Area merokok"
"575","131","Area outdoor"
"576","131","100% Halal"
"577","131","Bisa reservasi"
"578","131","Area parkir"
"579","132","Wifi"
"580","132","Area merokok"
"581","132","Area outdoor"
"582","132","100% Halal"
"583","132","Bisa reservasi"
"584","132","Area parkir"
"585","132","Alkohol"
"586","133","Wifi"
"587","133","100% Halal"
"588","133","Bisa reservasi"
"589","133","Area parkir"
"590","134","Wifi"
"591","134","Area merokok"
"592","134","Area outdoor"
"593","134","Bisa reservasi"
"594","134","Area parkir"
"595","135","Wifi"
"596","135","100% Halal"
"597","135","Bisa reservasi"
"598","135","Area parkir"
"599","135","Alkohol"
"600","136","Wifi"
"601","136","Area merokok"
"602","136","Area outdoor"
"603","136","100% Halal"
"604","136","Bisa reservasi"
"605","136","Area parkir"
"606","137","Wifi"
"607","137","Area merokok"
"608","137","Area outdoor"
"609","137","Bisa reservasi"
"610","137","Area parkir"
"611","137","Alkohol"
"612","138","Wifi"
"613","138","Area merokok"
"614","138","100% Halal"
"615","138","Bisa reservasi"
"616","138","Area parkir"
"617","138","Alkohol"
"618","139","Bisa reservasi"
"619","139","Area parkir"
"620","140","Wifi"
"621","140","Area merokok"
"622","140","100% Halal"
"623","140","Bisa reservasi"
"624","140","Area parkir"
"625","140","Alkohol"
"626","141","Wifi"
"627","141","Area merokok"
"628","141","Area outdoor"
"629","141","100% Halal"
"630","141","Bisa reservasi"
"631","141","Area parkir"
"632","142","Wifi"
"633","142","Area merokok"
"634","142","Area outdoor"
"635","142","100% Halal"
"636","142","Ruang VIP"
"637","142","Bisa reservasi"
"638","142","Area parkir"
"639","143","Wifi"
"640","143","100% Halal"
"641","143","Bisa reservasi"
"642","143","Area parkir"
"643","144","Area merokok"
"644","144","Area outdoor"
"645","144","100% Halal"
"646","144","Bisa reservasi"
"647","144","Area parkir"
"648","144","Alkohol"
"649","145","Wifi"
"650","145","Area merokok"
"651","145","Area outdoor"
"652","145","100% Halal"
"653","145","Bisa reservasi"
"654","145","Area parkir"
"655","146","Wifi"
"656","146","100% Halal"
"657","146","Bisa reservasi"
"658","146","Area parkir"
"659","147","Wifi"
"660","147","100% Halal"
"661","147","Bisa reservasi"
"662","147","Area parkir"
"663","148","Wifi"
"664","148","Ruang VIP"
"665","148","Bisa reservasi"
"666","148","Area parkir"
"667","148","Alkohol"
"668","149","Wifi"
"669","149","100% Halal"
"670","149","Ruang VIP"
"671","149","Bisa reservasi"
"672","149","Area parkir"
"673","149","Alkohol"
"674","150","Wifi"
"675","150","Area merokok"
"676","150","Area outdoor"
"677","150","100% Halal"
"678","150","Bisa reservasi"
"679","150","Area parkir"
"680","151","Wifi"
"681","151","Area merokok"
"682","151","Area outdoor"
"683","151","100% Halal"
"684","151","Area parkir"
"685","152","Wifi"
"686","152","Area merokok"
"687","152","Area outdoor"
"688","152","100% Halal"
"689","152","Area parkir"
"690","153","Wifi"
"691","153","Area merokok"
"692","153","Area outdoor"
"693","153","100% Halal"
"694","153","Ruang VIP"
"695","153","Bisa reservasi"
"696","153","Area parkir"
"697","154","Wifi"
"698","154","Area merokok"
"699","154","Area outdoor"
"700","154","Bisa reservasi"
"701","154","Area parkir"
"702","154","Alkohol"
"703","155","Wifi"
"704","155","Area merokok"
"705","155","Area outdoor"
"706","155","100% Halal"
"707","155","Ruang VIP"
"708","155","Bisa reservasi"
"709","155","Area parkir"
"710","155","Alkohol"
"711","156","Wifi"
"712","156","Area merokok"
"713","156","Area outdoor"
"714","156","Bisa reservasi"
"715","156","Area parkir"
"716","156","Alkohol"
"717","157","Wifi"
"718","157","Area merokok"
"719","157","Area outdoor"
"720","157","100% Halal"
"721","157","Ruang VIP"
"722","157","Bisa reservasi"
"723","157","Area parkir"
"724","157","Alkohol"
"725","158","Wifi"
"726","158","Area merokok"
"727","158","Bisa reservasi"
"728","158","Area parkir"
"729","158","Alkohol"
"730","159","Wifi"
"731","159","Area merokok"
"732","159","Area outdoor"
"733","159","100% Halal"
"734","159","Bisa reservasi"
"735","159","Area parkir"
"736","160","Wifi"
"737","160","Area merokok"
"738","160","Area outdoor"
"739","160","Area parkir"
"740","160","Alkohol"
"741","161","Wifi"
"742","161","Area merokok"
"743","161","Area outdoor"
"744","161","100% Halal"
"745","161","Bisa reservasi"
"746","161","Area parkir"
"747","161","Alkohol"
"748","162","Wifi"
"749","162","Area merokok"
"750","162","Area outdoor"
"751","162","100% Halal"
"752","162","Bisa reservasi"
"753","162","Area parkir"
"754","163","Wifi"
"755","163","Area merokok"
"756","163","Area outdoor"
"757","163","100% Halal"
"758","163","Bisa reservasi"
"759","164","Wifi"
"760","164","Area merokok"
"761","164","Area outdoor"
"762","164","Bisa reservasi"
"763","164","Area parkir"
"764","164","Alkohol"
"765","165","Wifi"
"766","165","Area merokok"
"767","165","Bisa reservasi"
"768","165","Area parkir"
"769","165","Alkohol"
"770","166","Wifi"
"771","166","Area merokok"
"772","166","Area outdoor"
"773","166","24 Jam"
"774","166","100% Halal"
"775","166","Bisa reservasi"
"776","166","Area parkir"
"777","167","Wifi"
"778","167","Area merokok"
"779","167","Area outdoor"
"780","167","100% Halal"
"781","167","Bisa reservasi"
"782","167","Area parkir"
"783","168","Wifi"
"784","168","Area merokok"
"785","168","Area outdoor"
"786","168","100% Halal"
"787","168","Bisa reservasi"
"788","168","Area parkir"
"789","169","Wifi"
"790","169","Area merokok"
"791","169","Area outdoor"
"792","169","Bisa reservasi"
"793","169","Area parkir"
"794","170","Wifi"
"795","170","Pesan antar"
"796","170","Area merokok"
"797","170","Area outdoor"
"798","170","100% Halal"
"799","170","Bisa reservasi"
"800","170","Area parkir"
"801","171","Wifi"
"802","171","Area merokok"
"803","171","Area outdoor"
"804","171","100% Halal"
"805","171","Ruang VIP"
"806","171","Bisa reservasi"
"807","171","Area parkir"
"808","171","Alkohol"
"809","172","Wifi"
"810","172","Area merokok"
"811","172","Area outdoor"
"812","172","Bisa reservasi"
"813","172","Area parkir"
"814","173","Wifi"
"815","173","Area merokok"
"816","173","Area outdoor"
"817","173","100% Halal"
"818","173","Area parkir"
"819","174","Wifi"
"820","174","Area merokok"
"821","174","Area outdoor"
"822","174","100% Halal"
"823","174","Ruang VIP"
"824","174","Bisa reservasi"
"825","174","Area parkir"
"826","175","Wifi"
"827","175","Area merokok"
"828","175","Area outdoor"
"829","175","100% Halal"
"830","175","Bisa reservasi"
"831","175","Area parkir"
"832","176","Wifi"
"833","176","Area merokok"
"834","176","Area outdoor"
"835","176","Ruang VIP"
"836","176","Bisa reservasi"
"837","176","Area parkir"
"838","176","Alkohol"
"839","177","Wifi"
"840","177","Area merokok"
"841","177","Area outdoor"
"842","177","Ruang VIP"
"843","177","Bisa reservasi"
"844","177","Area parkir"
"845","177","Alkohol"
"846","178","Wifi"
"847","178","Area merokok"
"848","178","Area outdoor"
"849","178","100% Halal"
"850","178","Bisa reservasi"
"851","178","Area parkir"
"852","178","Alkohol"
"853","179","Wifi"
"854","179","Area merokok"
"855","179","Area outdoor"
"856","179","100% Halal"
"857","179","Bisa reservasi"
"858","179","Area parkir"
"859","180","Wifi"
"860","180","Area merokok"
"861","180","Area outdoor"
"862","180","100% Halal"
"863","180","Bisa reservasi"
"864","180","Area parkir"
"865","181","Wifi"
"866","181","Area merokok"
"867","181","Area outdoor"
"868","181","100% Halal"
"869","181","Bisa reservasi"
"870","181","Area parkir"
"871","181","Alkohol"
"872","182","Area merokok"
"873","182","100% Halal"
"874","182","Bisa reservasi"
"875","182","Area parkir"
"876","182","Alkohol"
"877","183","Wifi"
"878","183","Pesan antar"
"879","183","Area merokok"
"880","183","100% Halal"
"881","183","Ruang VIP"
"882","183","Bisa reservasi"
"883","183","Area parkir"
"884","184","Wifi"
"885","184","Area merokok"
"886","184","Area outdoor"
"887","184","100% Halal"
"888","184","Bisa reservasi"
"889","185","Area merokok"
"890","185","Area outdoor"
"891","185","Area parkir"
"892","186","Wifi"
"893","186","100% Halal"
"894","186","Area parkir"
"895","187","Area merokok"
"896","187","Area outdoor"
"897","187","100% Halal"
"898","187","Area parkir"
"899","188","Wifi"
"900","188","Area merokok"
"901","188","Area outdoor"
"902","188","Area parkir"
"903","189","Wifi"
"904","189","Area merokok"
"905","189","Area outdoor"
"906","189","100% Halal"
"907","189","Ruang VIP"
"908","189","Bisa reservasi"
"909","189","Area parkir"
"910","190","Area merokok"
"911","190","24 Jam"
"912","190","100% Halal"
"913","190","Area parkir"
"914","191","Wifi"
"915","191","Area merokok"
"916","191","Area outdoor"
"917","191","Ruang VIP"
"918","191","Bisa reservasi"
"919","191","Area parkir"
"920","191","Alkohol"
"921","192","Wifi"
"922","192","Area merokok"
"923","192","Area outdoor"
"924","192","Bisa reservasi"
"925","192","Area parkir"
"926","193","Wifi"
"927","193","Pesan antar"
"928","193","Area merokok"
"929","193","Area outdoor"
"930","193","100% Halal"
"931","193","Bisa reservasi"
"932","193","Area parkir"
"933","194","Wifi"
"934","194","Area merokok"
"935","194","Area outdoor"
"936","194","100% Halal"
"937","194","Bisa reservasi"
"938","194","Area parkir"
"939","195","Wifi"
"940","195","Area merokok"
"941","195","Area outdoor"
"942","195","100% Halal"
"943","195","Bisa reservasi"
"944","195","Area parkir"
"945","196","Wifi"
"946","196","Area merokok"
"947","196","Area outdoor"
"948","196","100% Halal"
"949","196","Bisa reservasi"
"950","196","Area parkir"
"951","197","Wifi"
"952","197","Area merokok"
"953","197","Area outdoor"
"954","197","100% Halal"
"955","197","Bisa reservasi"
"956","197","Area parkir"
"957","198","Wifi"
"958","198","Area merokok"
"959","198","Area outdoor"
"960","198","Bisa reservasi"
"961","198","Area parkir"
"962","198","Alkohol"
"963","199","Wifi"
"964","199","Area merokok"
"965","199","Area outdoor"
"966","199","100% Halal"
"967","199","Bisa reservasi"
"968","199","Area parkir"
"969","200","Wifi"
"970","200","Area merokok"
"971","200","Area outdoor"
"972","200","100% Halal"
"973","200","Bisa reservasi"
"974","200","Area parkir"
"975","201","Wifi"
"976","201","Area merokok"
"977","201","Area outdoor"
"978","201","100% Halal"
"979","201","Bisa reservasi"
"980","201","Area parkir"
"981","202","Area merokok"
"982","202","Area outdoor"
"983","202","100% Halal"
"984","202","Bisa reservasi"
"985","202","Area parkir"
"986","203","Area merokok"
"987","203","Area outdoor"
"988","203","100% Halal"
"989","203","Ruang VIP"
"990","203","Bisa reservasi"
"991","203","Area parkir"
"992","204","Wifi"
"993","204","Area merokok"
"994","204","Area outdoor"
"995","204","100% Halal"
"996","204","Bisa reservasi"
"997","204","Area parkir"
"998","205","Wifi"
"999","205","Area merokok"
"1000","205","Area outdoor"
"1001","205","100% Halal"
"1002","205","Bisa reservasi"
"1003","205","Area parkir"
"1004","206","Wifi"
"1005","206","Area merokok"
"1006","206","Area outdoor"
"1007","206","100% Halal"
"1008","206","Bisa reservasi"
"1009","206","Area parkir"
"1010","207","Area merokok"
"1011","207","Area outdoor"
"1012","207","100% Halal"
"1013","207","Area parkir"
"1014","208","Wifi"
"1015","208","Area merokok"
"1016","208","Area outdoor"
"1017","208","100% Halal"
"1018","208","Bisa reservasi"
"1019","208","Area parkir"
"1020","209","Wifi"
"1021","209","Area merokok"
"1022","209","Area outdoor"
"1023","209","100% Halal"
"1024","209","Bisa reservasi"
"1025","209","Area parkir"
"1026","210","Wifi"
"1027","210","Area merokok"
"1028","210","Area outdoor"
"1029","210","100% Halal"
"1030","210","Bisa reservasi"
"1031","210","Area parkir"
"1032","211","Wifi"
"1033","211","Area merokok"
"1034","211","Area outdoor"
"1035","211","100% Halal"
"1036","211","Bisa reservasi"
"1037","211","Area parkir"
"1038","212","Wifi"
"1039","212","Area merokok"
"1040","212","Area outdoor"
"1041","212","100% Halal"
"1042","212","Bisa reservasi"
"1043","212","Area parkir"
"1044","213","Wifi"
"1045","213","Area merokok"
"1046","213","Area outdoor"
"1047","213","100% Halal"
"1048","213","Bisa reservasi"
"1049","213","Area parkir"
"1050","214","Pesan antar"
"1051","214","Area merokok"
"1052","214","Area outdoor"
"1053","214","100% Halal"
"1054","214","Bisa reservasi"
"1055","214","Area parkir"
"1056","215","Wifi"
"1057","215","Area merokok"
"1058","215","Area outdoor"
"1059","215","100% Halal"
"1060","215","Bisa reservasi"
"1061","215","Area parkir"
"1062","215","Alkohol"
"1063","216","Wifi"
"1064","216","Area merokok"
"1065","216","Area outdoor"
"1066","216","100% Halal"
"1067","216","Bisa reservasi"
"1068","216","Area parkir"
"1069","217","Wifi"
"1070","217","Area merokok"
"1071","217","Area outdoor"
"1072","217","100% Halal"
"1073","217","Bisa reservasi"
"1074","217","Area parkir"
"1075","218","Wifi"
"1076","218","Area merokok"
"1077","218","Area outdoor"
"1078","218","100% Halal"
"1079","218","Bisa reservasi"
"1080","218","Area parkir"
"1081","219","Wifi"
"1082","219","Area merokok"
"1083","219","Area outdoor"
"1084","219","100% Halal"
"1085","219","Bisa reservasi"
"1086","219","Area parkir"
"1087","220","Wifi"
"1088","220","Area merokok"
"1089","220","Area outdoor"
"1090","220","100% Halal"
"1091","220","Bisa reservasi"
"1092","220","Area parkir"
"1093","221","Wifi"
"1094","221","Area merokok"
"1095","221","Area outdoor"
"1096","221","100% Halal"
"1097","221","Bisa reservasi"
"1098","221","Area parkir"
"1099","222","Wifi"
"1100","222","Area merokok"
"1101","222","Area outdoor"
"1102","222","100% Halal"
"1103","222","Bisa reservasi"
"1104","222","Area parkir"
"1105","223","Wifi"
"1106","223","Area merokok"
"1107","223","Area outdoor"
"1108","223","100% Halal"
"1109","223","Area parkir"
"1110","224","Wifi"
"1111","224","Pesan antar"
"1112","224","Area merokok"
"1113","224","Area outdoor"
"1114","224","100% Halal"
"1115","224","Ruang VIP"
"1116","224","Bisa reservasi"
"1117","224","Area parkir"
"1118","225","Wifi"
"1119","225","Area merokok"
"1120","225","Area outdoor"
"1121","225","100% Halal"
"1122","225","Bisa reservasi"
"1123","225","Area parkir"
"1124","226","Wifi"
"1125","226","Area merokok"
"1126","226","Area outdoor"
"1127","226","100% Halal"
"1128","226","Ruang VIP"
"1129","226","Bisa reservasi"
"1130","226","Area parkir"
"1131","226","Alkohol"
"1132","227","Wifi"
"1133","227","Area merokok"
"1134","227","100% Halal"
"1135","227","Bisa reservasi"
"1136","227","Area parkir"
"1137","228","Wifi"
"1138","228","Area merokok"
"1139","228","Area outdoor"
"1140","228","100% Halal"
"1141","228","Bisa reservasi"
"1142","228","Area parkir"
"1143","229","Wifi"
"1144","229","Area merokok"
"1145","229","Area outdoor"
"1146","229","100% Halal"
"1147","229","Ruang VIP"
"1148","229","Bisa reservasi"
"1149","229","Area parkir"
"1150","229","Alkohol"
"1151","230","Wifi"
"1152","230","Area merokok"
"1153","230","Area outdoor"
"1154","230","100% Halal"
"1155","230","Bisa reservasi"
"1156","230","Area parkir"
"1157","231","Wifi"
"1158","231","Area merokok"
"1159","231","Area outdoor"
"1160","231","100% Halal"
"1161","231","Bisa reservasi"
"1162","231","Area parkir"
"1163","232","Wifi"
"1164","232","Area merokok"
"1165","232","Area outdoor"
"1166","232","100% Halal"
"1167","232","Bisa reservasi"
"1168","232","Area parkir"
"1169","233","Wifi"
"1170","233","Area merokok"
"1171","233","Area outdoor"
"1172","233","100% Halal"
"1173","233","Bisa reservasi"
"1174","233","Area parkir"
"1175","234","Wifi"
"1176","234","Area merokok"
"1177","234","Area outdoor"
"1178","234","100% Halal"
"1179","234","Bisa reservasi"
"1180","234","Area parkir"
"1181","234","Alkohol"
"1182","235","Wifi"
"1183","235","Area merokok"
"1184","235","Area outdoor"
"1185","235","100% Halal"
"1186","235","Bisa reservasi"
"1187","235","Area parkir"
"1188","235","Alkohol"
"1189","236","Wifi"
"1190","236","Area merokok"
"1191","236","Area outdoor"
"1192","236","100% Halal"
"1193","236","Ruang VIP"
"1194","236","Bisa reservasi"
"1195","236","Area parkir"
"1196","237","Wifi"
"1197","237","Area merokok"
"1198","237","Area outdoor"
"1199","237","100% Halal"
"1200","237","Bisa reservasi"
"1201","237","Area parkir"
"1202","238","Wifi"
"1203","238","Area merokok"
"1204","238","Area outdoor"
"1205","238","100% Halal"
"1206","238","Ruang VIP"
"1207","238","Bisa reservasi"
"1208","238","Area parkir"
"1209","239","Wifi"
"1210","239","Area merokok"
"1211","239","Area outdoor"
"1212","239","100% Halal"
"1213","239","Ruang VIP"
"1214","239","Bisa reservasi"
"1215","239","Area parkir"
"1216","240","Wifi"
"1217","240","Area merokok"
"1218","240","Area outdoor"
"1219","240","100% Halal"
"1220","240","Ruang VIP"
"1221","240","Bisa reservasi"
"1222","240","Area parkir"
"1223","241","Wifi"
"1224","241","Area merokok"
"1225","241","Area outdoor"
"1226","241","100% Halal"
"1227","241","Ruang VIP"
"1228","241","Bisa reservasi"
"1229","241","Area parkir"
"1230","242","Wifi"
"1231","242","Area merokok"
"1232","242","Area outdoor"
"1233","242","100% Halal"
"1234","242","Ruang VIP"
"1235","242","Bisa reservasi"
"1236","242","Area parkir"
"1237","242","Alkohol"
"1238","243","Wifi"
"1239","243","Area merokok"
"1240","243","Area outdoor"
"1241","243","100% Halal"
"1242","243","Bisa reservasi"
"1243","243","Area parkir"
"1244","244","Wifi"
"1245","244","Area merokok"
"1246","244","Area outdoor"
"1247","244","100% Halal"
"1248","244","Bisa reservasi"
"1249","244","Area parkir"
"1250","245","Wifi"
"1251","245","Area merokok"
"1252","245","Area outdoor"
"1253","245","100% Halal"
"1254","245","Bisa reservasi"
"1255","245","Area parkir"
"1256","246","Wifi"
"1257","246","Area merokok"
"1258","246","Area outdoor"
"1259","246","100% Halal"
"1260","246","Ruang VIP"
"1261","246","Bisa reservasi"
"1262","246","Area parkir"
"1263","247","Wifi"
"1264","247","Area merokok"
"1265","247","Area outdoor"
"1266","247","100% Halal"
"1267","247","Bisa reservasi"
"1268","247","Area parkir"
"1269","248","Wifi"
"1270","248","Area merokok"
"1271","248","Area outdoor"
"1272","248","100% Halal"
"1273","248","Ruang VIP"
"1274","248","Bisa reservasi"
"1275","248","Area parkir"
"1276","249","Wifi"
"1277","249","Area merokok"
"1278","249","Area outdoor"
"1279","249","100% Halal"
"1280","249","Ruang VIP"
"1281","249","Bisa reservasi"
"1282","249","Area parkir"
"1283","249","Alkohol"
"1284","250","Wifi"
"1285","250","Area merokok"
"1286","250","Area outdoor"
"1287","250","100% Halal"
"1288","250","Bisa reservasi"
"1289","250","Area parkir"
"1290","251","Wifi"
"1291","251","Area merokok"
"1292","251","Area outdoor"
"1293","251","100% Halal"
"1294","251","Ruang VIP"
"1295","251","Bisa reservasi"
"1296","251","Area parkir"
"1297","252","Wifi"
"1298","252","Area merokok"
"1299","252","Area outdoor"
"1300","252","100% Halal"
"1301","252","Bisa reservasi"
"1302","252","Area parkir"
"1303","253","Wifi"
"1304","253","Area merokok"
"1305","253","Area outdoor"
"1306","253","100% Halal"
"1307","253","Bisa reservasi"
"1308","254","Wifi"
"1309","254","Area merokok"
"1310","254","Area outdoor"
"1311","254","100% Halal"
"1312","254","Bisa reservasi"
"1313","254","Area parkir"
"1314","254","Alkohol"
"1315","255","Wifi"
"1316","255","Area merokok"
"1317","255","Area outdoor"
"1318","255","100% Halal"
"1319","255","Area parkir"
"1320","255","Alkohol"
"1321","256","Wifi"
"1322","256","Area merokok"
"1323","256","Area outdoor"
"1324","256","100% Halal"
"1325","256","Area parkir"
"1326","257","Wifi"
"1327","257","Area merokok"
"1328","257","Area outdoor"
"1329","257","100% Halal"
"1330","257","Bisa reservasi"
"1331","257","Area parkir"
"1332","258","Wifi"
"1333","258","Area merokok"
"1334","258","Area outdoor"
"1335","258","100% Halal"
"1336","258","Bisa reservasi"
"1337","258","Area parkir"
"1338","259","Wifi"
"1339","259","Area merokok"
"1340","259","Area outdoor"
"1341","259","100% Halal"
"1342","259","Ruang VIP"
"1343","259","Bisa reservasi"
"1344","259","Area parkir"
"1345","260","Wifi"
"1346","260","Area merokok"
"1347","260","Area outdoor"
"1348","260","100% Halal"
"1349","260","Bisa reservasi"
"1350","260","Area parkir"
"1351","261","Wifi"
"1352","261","Area merokok"
"1353","261","Area outdoor"
"1354","261","100% Halal"
"1355","261","Ruang VIP"
"1356","261","Bisa reservasi"
"1357","261","Area parkir"
"1358","262","Wifi"
"1359","262","Area merokok"
"1360","262","Area outdoor"
"1361","262","100% Halal"
"1362","262","Bisa reservasi"
"1363","262","Area parkir"
"1364","263","100% Halal"
"1365","263","Area parkir"
"1366","264","100% Halal"
"1367","265","Area merokok"
"1368","265","Area outdoor"
"1369","265","Ruang VIP"
"1370","265","Area parkir"
"1371","267","Area merokok"
"1372","267","Area outdoor"
"1373","267","Area parkir"
"1374","268","Area parkir"
"1375","269","Area parkir"
"1376","271","100% Halal"
"1377","273","100% Halal"
"1378","273","Area parkir"
"1379","274","100% Halal"
"1380","274","Area parkir"
"1381","275","100% Halal"
"1382","276","Wifi"
"1383","276","Area merokok"
"1384","276","Area outdoor"
"1385","276","100% Halal"
"1386","276","Area parkir"
"1387","277","100% Halal"
"1388","277","Area parkir"
"1389","278","Wifi"
"1390","278","Area merokok"
"1391","278","Area outdoor"
"1392","278","100% Halal"
"1393","278","Ruang VIP"
"1394","278","Bisa reservasi"
"1395","278","Area parkir"
"1396","279","Wifi"
"1397","279","Area merokok"
"1398","279","Area outdoor"
"1399","279","100% Halal"
"1400","279","Area parkir"
"1401","280","100% Halal"
"1402","280","Ruang VIP"
"1403","280","Bisa reservasi"
"1404","280","Area parkir"
"1405","280","Alkohol"
"1406","281","Wifi"
"1407","281","100% Halal"
"1408","281","Ruang VIP"
"1409","281","Bisa reservasi"
"1410","281","Area parkir"
"1411","281","Alkohol"
"1412","282","Wifi"
"1413","282","100% Halal"
"1414","282","Area parkir"
"1415","283","Wifi"
"1416","283","100% Halal"
"1417","283","Bisa reservasi"
"1418","283","Area parkir"
"1419","284","Wifi"
"1420","284","100% Halal"
"1421","284","Bisa reservasi"
"1422","284","Area parkir"
"1423","284","Alkohol"
"1424","285","Wifi"
"1425","285","100% Halal"
"1426","285","Ruang VIP"
"1427","285","Bisa reservasi"
"1428","285","Area parkir"
"1429","285","Alkohol"
"1430","286","Wifi"
"1431","286","100% Halal"
"1432","286","Ruang VIP"
"1433","286","Bisa reservasi"
"1434","286","Area parkir"
"1435","286","Alkohol"
"1436","287","Wifi"
"1437","287","Ruang VIP"
"1438","287","Bisa reservasi"
"1439","287","Area parkir"
"1440","287","Alkohol"
"1441","288","Wifi"
"1442","288","Area merokok"
"1443","288","Area outdoor"
"1444","288","Ruang VIP"
"1445","288","Bisa reservasi"
"1446","288","Area parkir"
"1447","288","Alkohol"
"1448","289","Wifi"
"1449","289","100% Halal"
"1450","289","Ruang VIP"
"1451","289","Bisa reservasi"
"1452","289","Area parkir"
"1453","290","Bisa reservasi"
"1454","290","Area parkir"
"1455","291","Area parkir"
"1456","292","Wifi"
"1457","292","Bisa reservasi"
"1458","292","Area parkir"
"1459","292","Alkohol"
"1460","294","Area merokok"
"1461","294","Area outdoor"
"1462","294","Bisa reservasi"
"1463","294","Area parkir"
"1464","295","Bisa reservasi"
"1465","295","Area parkir"
"1466","296","Wifi"
"1467","296","Bisa reservasi"
"1468","296","Area parkir"
"1469","297","Bisa reservasi"
"1470","297","Area parkir"
"1471","298","Area merokok"
"1472","298","Area outdoor"
"1473","298","Bisa reservasi"
"1474","298","Area parkir"
"1475","299","Wifi"
"1476","299","Pesan antar"
"1477","299","Area merokok"
"1478","299","Area outdoor"
"1479","299","Bisa reservasi"
"1480","299","Area parkir"
"1481","299","Alkohol"
"1482","300","Area merokok"
"1483","300","Area outdoor"
"1484","300","100% Halal"
"1485","300","Ruang VIP"
"1486","300","Bisa reservasi"
"1487","300","Area parkir"
"1488","301","Pesan antar"
"1489","301","Area merokok"
"1490","301","Area outdoor"
"1491","301","100% Halal"
"1492","301","Ruang VIP"
"1493","301","Bisa reservasi"
"1494","301","Area parkir"
"1495","302","Wifi"
"1496","302","Area merokok"
"1497","302","Area outdoor"
"1498","302","100% Halal"
"1499","302","Ruang VIP"
"1500","302","Bisa reservasi"
"1501","302","Area parkir"
"1502","302","Alkohol"
"1503","303","Wifi"
"1504","303","Bisa reservasi"
"1505","303","Area parkir"
"1506","304","Wifi"
"1507","304","Ruang VIP"
"1508","304","Bisa reservasi"
"1509","304","Area parkir"
"1510","304","Alkohol"
"1511","305","Area merokok"
"1512","305","Area outdoor"
"1513","305","100% Halal"
"1514","305","Bisa reservasi"
"1515","305","Area parkir"
"1516","306","Wifi"
"1517","306","Area merokok"
"1518","306","Area outdoor"
"1519","306","100% Halal"
"1520","306","Area parkir"
"1521","307","Area merokok"
"1522","307","Area outdoor"
"1523","307","100% Halal"
"1524","307","Area parkir"
"1525","308","Pesan antar"
"1526","308","Area merokok"
"1527","308","Area outdoor"
"1528","308","Bisa reservasi"
"1529","309","100% Halal"
"1530","309","Bisa reservasi"
"1531","309","Area parkir"
"1532","310","Pesan antar"
"1533","310","Area merokok"
"1534","310","100% Halal"
"1535","310","Bisa reservasi"
"1536","310","Area parkir"
"1537","311","Area merokok"
"1538","311","Area outdoor"
"1539","311","100% Halal"
"1540","311","Bisa reservasi"
"1541","311","Area parkir"
"1542","312","Area merokok"
"1543","312","100% Halal"
"1544","313","Area merokok"
"1545","313","100% Halal"
"1546","313","Area parkir"
"1547","314","Wifi"
"1548","314","Pesan antar"
"1549","314","100% Halal"
"1550","314","Bisa reservasi"
"1551","314","Area parkir"
"1552","315","Area merokok"
"1553","315","100% Halal"
"1554","316","Area merokok"
"1555","316","100% Halal"
"1556","316","Area parkir"
"1557","317","100% Halal"
"1558","317","Bisa reservasi"
"1559","317","Area parkir"
"1560","318","Area merokok"
"1561","318","Area outdoor"
"1562","318","100% Halal"
"1563","318","Area parkir"
"1564","319","Wifi"
"1565","319","100% Halal"
"1566","319","Bisa reservasi"
"1567","319","Area parkir"
"1568","320","Wifi"
"1569","320","100% Halal"
"1570","320","Bisa reservasi"
"1571","320","Area parkir"
"1572","321","Wifi"
"1573","321","Area merokok"
"1574","321","Area outdoor"
"1575","321","Ruang VIP"
"1576","321","Bisa reservasi"
"1577","321","Area parkir"
"1578","321","Alkohol"
"1579","322","Wifi"
"1580","322","Area merokok"
"1581","322","Area outdoor"
"1582","322","100% Halal"
"1583","322","Bisa reservasi"
"1584","322","Area parkir"
"1585","322","Alkohol"
"1586","323","Wifi"
"1587","323","Area merokok"
"1588","323","Area outdoor"
"1589","323","100% Halal"
"1590","323","Bisa reservasi"
"1591","323","Area parkir"
"1592","324","Wifi"
"1593","324","100% Halal"
"1594","324","Ruang VIP"
"1595","324","Bisa reservasi"
"1596","324","Area parkir"
"1597","324","Alkohol"
"1598","325","100% Halal"
"1599","325","Area parkir"
"1600","326","Wifi"
"1601","326","100% Halal"
"1602","326","Bisa reservasi"
"1603","326","Area parkir"
"1604","327","Wifi"
"1605","327","Pesan antar"
"1606","327","Area merokok"
"1607","327","100% Halal"
"1608","327","Ruang VIP"
"1609","327","Bisa reservasi"
"1610","327","Area parkir"
"1611","328","Wifi"
"1612","328","100% Halal"
"1613","328","Bisa reservasi"
"1614","328","Area parkir"
"1615","329","Wifi"
"1616","329","100% Halal"
"1617","329","Bisa reservasi"
"1618","329","Area parkir"
"1619","330","Wifi"
"1620","330","Area merokok"
"1621","330","Area outdoor"
"1622","330","Ruang VIP"
"1623","330","Bisa reservasi"
"1624","330","Area parkir"
"1625","330","Alkohol"
"1626","331","Wifi"
"1627","331","Area merokok"
"1628","331","Area outdoor"
"1629","331","Ruang VIP"
"1630","331","Bisa reservasi"
"1631","331","Area parkir"
"1632","331","Alkohol"
"1633","332","Wifi"
"1634","332","Area merokok"
"1635","332","Area outdoor"
"1636","332","Ruang VIP"
"1637","332","Bisa reservasi"
"1638","332","Area parkir"
"1639","332","Alkohol"
"1640","333","Wifi"
"1641","333","Area merokok"
"1642","333","Area outdoor"
"1643","333","Ruang VIP"
"1644","333","Bisa reservasi"
"1645","333","Area parkir"
"1646","333","Alkohol"
"1647","334","Wifi"
"1648","334","Area merokok"
"1649","334","Area outdoor"
"1650","334","Ruang VIP"
"1651","334","Bisa reservasi"
"1652","334","Area parkir"
"1653","334","Alkohol"
"1654","335","Wifi"
"1655","335","Area merokok"
"1656","335","Area outdoor"
"1657","335","Ruang VIP"
"1658","335","Bisa reservasi"
"1659","335","Area parkir"
"1660","335","Alkohol"
"1661","336","Wifi"
"1662","336","Area merokok"
"1663","336","Area outdoor"
"1664","336","Ruang VIP"
"1665","336","Bisa reservasi"
"1666","336","Area parkir"
"1667","336","Alkohol"
"1668","337","Wifi"
"1669","337","Area merokok"
"1670","337","Area outdoor"
"1671","337","100% Halal"
"1672","337","Bisa reservasi"
"1673","337","Area parkir"
"1674","337","Alkohol"
"1675","338","Wifi"
"1676","338","Area merokok"
"1677","338","Area outdoor"
"1678","338","100% Halal"
"1679","338","Bisa reservasi"
"1680","338","Area parkir"
"1681","338","Alkohol"
"1682","339","Wifi"
"1683","339","Area merokok"
"1684","339","Area outdoor"
"1685","339","100% Halal"
"1686","339","Bisa reservasi"
"1687","339","Area parkir"
"1688","339","Alkohol"
"1689","340","Wifi"
"1690","340","Area merokok"
"1691","340","Area outdoor"
"1692","340","100% Halal"
"1693","340","Bisa reservasi"
"1694","340","Area parkir"
"1695","340","Alkohol"
"1696","341","Wifi"
"1697","341","Area merokok"
"1698","341","Area outdoor"
"1699","341","100% Halal"
"1700","341","Bisa reservasi"
"1701","341","Area parkir"
"1702","341","Alkohol"
"1703","342","Wifi"
"1704","342","Area merokok"
"1705","342","Area outdoor"
"1706","342","100% Halal"
"1707","342","Bisa reservasi"
"1708","342","Area parkir"
"1709","342","Alkohol"
"1710","343","Wifi"
"1711","343","Area merokok"
"1712","343","Area outdoor"
"1713","343","100% Halal"
"1714","343","Bisa reservasi"
"1715","343","Area parkir"
"1716","343","Alkohol"
"1717","344","Wifi"
"1718","344","Area merokok"
"1719","344","Area outdoor"
"1720","344","100% Halal"
"1721","344","Bisa reservasi"
"1722","344","Area parkir"
"1723","344","Alkohol"
"1724","345","Wifi"
"1725","345","Area merokok"
"1726","345","Area outdoor"
"1727","345","100% Halal"
"1728","345","Bisa reservasi"
"1729","345","Area parkir"
"1730","345","Alkohol"
"1731","346","Wifi"
"1732","346","Area merokok"
"1733","346","Area outdoor"
"1734","346","100% Halal"
"1735","346","Bisa reservasi"
"1736","346","Area parkir"
"1737","346","Alkohol"
"1738","347","Wifi"
"1739","347","Area merokok"
"1740","347","Area outdoor"
"1741","347","100% Halal"
"1742","347","Bisa reservasi"
"1743","347","Area parkir"
"1744","348","Wifi"
"1745","348","Area merokok"
"1746","348","Area outdoor"
"1747","348","100% Halal"
"1748","348","Bisa reservasi"
"1749","348","Area parkir"
"1750","349","Wifi"
"1751","349","Area merokok"
"1752","349","Area outdoor"
"1753","349","100% Halal"
"1754","349","Bisa reservasi"
"1755","349","Area parkir"
"1756","350","Wifi"
"1757","350","Area merokok"
"1758","350","Area outdoor"
"1759","350","100% Halal"
"1760","350","Bisa reservasi"
"1761","350","Area parkir"
"1762","351","Wifi"
"1763","351","Area merokok"
"1764","351","Area outdoor"
"1765","351","100% Halal"
"1766","351","Bisa reservasi"
"1767","351","Area parkir"
"1768","352","Wifi"
"1769","352","Area merokok"
"1770","352","Area outdoor"
"1771","352","100% Halal"
"1772","352","Bisa reservasi"
"1773","352","Area parkir"
"1774","353","Wifi"
"1775","353","Area merokok"
"1776","353","Area outdoor"
"1777","353","100% Halal"
"1778","353","Bisa reservasi"
"1779","353","Area parkir"
"1780","354","Wifi"
"1781","354","Area merokok"
"1782","354","Area outdoor"
"1783","354","100% Halal"
"1784","354","Bisa reservasi"
"1785","354","Area parkir"
"1786","355","Wifi"
"1787","355","Area merokok"
"1788","355","Area outdoor"
"1789","355","100% Halal"
"1790","355","Bisa reservasi"
"1791","355","Area parkir"
"1792","356","Wifi"
"1793","356","Area merokok"
"1794","356","Area outdoor"
"1795","356","100% Halal"
"1796","356","Bisa reservasi"
"1797","356","Area parkir"
"1798","357","Wifi"
"1799","357","Area merokok"
"1800","357","Area outdoor"
"1801","357","100% Halal"
"1802","357","Bisa reservasi"
"1803","357","Area parkir"
"1804","358","Wifi"
"1805","358","Area merokok"
"1806","358","Area outdoor"
"1807","358","100% Halal"
"1808","358","Bisa reservasi"
"1809","358","Area parkir"
"1810","359","Wifi"
"1811","359","Area merokok"
"1812","359","Area outdoor"
"1813","359","100% Halal"
"1814","359","Bisa reservasi"
"1815","359","Area parkir"
"1816","360","Wifi"
"1817","360","Area merokok"
"1818","360","Area outdoor"
"1819","360","100% Halal"
"1820","360","Bisa reservasi"
"1821","360","Area parkir"
"1822","361","Wifi"
"1823","361","Area merokok"
"1824","361","Area outdoor"
"1825","361","100% Halal"
"1826","361","Bisa reservasi"
"1827","361","Area parkir"
"1828","362","Wifi"
"1829","362","Area merokok"
"1830","362","Area outdoor"
"1831","362","100% Halal"
"1832","362","Bisa reservasi"
"1833","362","Area parkir"
"1834","363","Wifi"
"1835","363","Area merokok"
"1836","363","Area outdoor"
"1837","363","100% Halal"
"1838","363","Bisa reservasi"
"1839","363","Area parkir"
"1840","364","Wifi"
"1841","364","Area merokok"
"1842","364","Area outdoor"
"1843","364","100% Halal"
"1844","364","Bisa reservasi"
"1845","364","Area parkir"
"1846","365","Wifi"
"1847","365","Area merokok"
"1848","365","Area outdoor"
"1849","365","100% Halal"
"1850","365","Bisa reservasi"
"1851","365","Area parkir"
"1852","366","Wifi"
"1853","366","Area merokok"
"1854","366","Area outdoor"
"1855","366","100% Halal"
"1856","366","Bisa reservasi"
"1857","366","Area parkir"
"1858","367","Wifi"
"1859","367","Area merokok"
"1860","367","Area outdoor"
"1861","367","100% Halal"
"1862","367","Bisa reservasi"
"1863","367","Area parkir"
"1864","368","Wifi"
"1865","368","Area merokok"
"1866","368","Area outdoor"
"1867","368","100% Halal"
"1868","368","Bisa reservasi"
"1869","368","Area parkir"
"1870","369","Wifi"
"1871","369","Area merokok"
"1872","369","Area outdoor"
"1873","369","100% Halal"
"1874","369","Bisa reservasi"
"1875","369","Area parkir"
"1876","370","Wifi"
"1877","370","Area merokok"
"1878","370","Area outdoor"
"1879","370","100% Halal"
"1880","370","Bisa reservasi"
"1881","370","Area parkir"
"1882","371","Wifi"
"1883","371","Area merokok"
"1884","371","Area outdoor"
"1885","371","100% Halal"
"1886","371","Bisa reservasi"
"1887","371","Area parkir"
"1888","372","Wifi"
"1889","372","Area merokok"
"1890","372","Area outdoor"
"1891","372","100% Halal"
"1892","372","Bisa reservasi"
"1893","372","Area parkir"
"1894","373","Wifi"
"1895","373","Area merokok"
"1896","373","Area outdoor"
"1897","373","100% Halal"
"1898","373","Bisa reservasi"
"1899","373","Area parkir"
"1900","374","Wifi"
"1901","374","Area merokok"
"1902","374","Area outdoor"
"1903","374","100% Halal"
"1904","374","Bisa reservasi"
"1905","374","Area parkir"
"1906","375","Wifi"
"1907","375","Area merokok"
"1908","375","Area outdoor"
"1909","375","100% Halal"
"1910","375","Bisa reservasi"
"1911","375","Area parkir"
"1912","376","Wifi"
"1913","376","Area merokok"
"1914","376","Area outdoor"
"1915","376","100% Halal"
"1916","376","Bisa reservasi"
"1917","376","Area parkir"
"1918","377","Wifi"
"1919","377","Area merokok"
"1920","377","Area outdoor"
"1921","377","100% Halal"
"1922","377","Bisa reservasi"
"1923","377","Area parkir"
"1924","378","Wifi"
"1925","378","Area merokok"
"1926","378","Area outdoor"
"1927","378","100% Halal"
"1928","378","Bisa reservasi"
"1929","378","Area parkir"
"1930","379","Wifi"
"1931","379","Area merokok"
"1932","379","Area outdoor"
"1933","379","100% Halal"
"1934","379","Bisa reservasi"
"1935","379","Area parkir"
"1936","380","Wifi"
"1937","380","Area merokok"
"1938","380","Area outdoor"
"1939","380","100% Halal"
"1940","380","Bisa reservasi"
"1941","380","Area parkir"
"1942","381","Wifi"
"1943","381","100% Halal"
"1944","381","Ruang VIP"
"1945","381","Bisa reservasi"
"1946","381","Area parkir"
"1947","381","Alkohol"
"1948","382","Wifi"
"1949","382","100% Halal"
"1950","382","Ruang VIP"
"1951","382","Bisa reservasi"
"1952","382","Area parkir"
"1953","382","Alkohol"
"1954","383","Wifi"
"1955","383","100% Halal"
"1956","383","Ruang VIP"
"1957","383","Bisa reservasi"
"1958","383","Area parkir"
"1959","383","Alkohol"
"1960","384","Wifi"
"1961","384","100% Halal"
"1962","384","Ruang VIP"
"1963","384","Bisa reservasi"
"1964","384","Area parkir"
"1965","384","Alkohol"
"1966","385","Wifi"
"1967","385","100% Halal"
"1968","385","Ruang VIP"
"1969","385","Bisa reservasi"
"1970","385","Area parkir"
"1971","385","Alkohol"
"1972","386","Wifi"
"1973","386","100% Halal"
"1974","386","Ruang VIP"
"1975","386","Bisa reservasi"
"1976","386","Area parkir"
"1977","386","Alkohol"
"1978","387","Wifi"
"1979","387","100% Halal"
"1980","387","Ruang VIP"
"1981","387","Bisa reservasi"
"1982","387","Area parkir"
"1983","387","Alkohol"
"1984","388","Wifi"
"1985","388","100% Halal"
"1986","388","Ruang VIP"
"1987","388","Bisa reservasi"
"1988","388","Area parkir"
"1989","388","Alkohol"
"1990","389","Wifi"
"1991","389","100% Halal"
"1992","389","Ruang VIP"
"1993","389","Bisa reservasi"
"1994","389","Area parkir"
"1995","389","Alkohol"
"1996","390","Wifi"
"1997","390","100% Halal"
"1998","390","Ruang VIP"
"1999","390","Bisa reservasi"
"2000","390","Area parkir"
"2001","390","Alkohol"
"2002","391","Wifi"
"2003","391","100% Halal"
"2004","391","Ruang VIP"
"2005","391","Bisa reservasi"
"2006","391","Area parkir"
"2007","391","Alkohol"
"2008","392","Wifi"
"2009","392","100% Halal"
"2010","392","Ruang VIP"
"2011","392","Bisa reservasi"
"2012","392","Area parkir"
"2013","392","Alkohol"
"2014","393","Wifi"
"2015","393","100% Halal"
"2016","393","Ruang VIP"
"2017","393","Bisa reservasi"
"2018","393","Area parkir"
"2019","393","Alkohol"
"2020","394","Wifi"
"2021","394","100% Halal"
"2022","394","Ruang VIP"
"2023","394","Bisa reservasi"
"2024","394","Area parkir"
"2025","394","Alkohol"
"2026","395","Wifi"
"2027","395","100% Halal"
"2028","395","Ruang VIP"
"2029","395","Bisa reservasi"
"2030","395","Area parkir"
"2031","395","Alkohol"
"2032","396","Wifi"
"2033","396","100% Halal"
"2034","396","Ruang VIP"
"2035","396","Bisa reservasi"
"2036","396","Area parkir"
"2037","396","Alkohol"
"2038","397","100% Halal"
"2039","397","Area parkir"
"2040","398","Wifi"
"2041","398","100% Halal"
"2042","398","Bisa reservasi"
"2043","398","Area parkir"
"2044","399","Wifi"
"2045","399","Pesan antar"
"2046","399","Area merokok"
"2047","399","100% Halal"
"2048","399","Ruang VIP"
"2049","399","Bisa reservasi"
"2050","399","Area parkir"
"2051","400","Wifi"
"2052","400","Area merokok"
"2053","400","Bisa reservasi"
"2054","400","Area parkir"
"2055","400","Alkohol"
"2056","401","Wifi"
"2057","401","100% Halal"
"2058","401","Ruang VIP"
"2059","401","Bisa reservasi"
"2060","401","Area parkir"
"2061","402","Wifi"
"2062","402","Area merokok"
"2063","402","Ruang VIP"
"2064","402","Bisa reservasi"
"2065","402","Area parkir"
"2066","402","Alkohol"
"2067","403","Wifi"
"2068","403","Area merokok"
"2069","403","100% Halal"
"2070","403","Ruang VIP"
"2071","403","Bisa reservasi"
"2072","403","Area parkir"
"2073","403","Alkohol"
"2074","404","Wifi"
"2075","404","Pesan antar"
"2076","404","Area merokok"
"2077","404","Area outdoor"
"2078","404","100% Halal"
"2079","404","Ruang VIP"
"2080","404","Bisa reservasi"
"2081","404","Area parkir"
"2082","405","Wifi"
"2083","405","100% Halal"
"2084","405","Ruang VIP"
"2085","405","Bisa reservasi"
"2086","405","Area parkir"
"2087","405","Alkohol"
"2088","406","Wifi"
"2089","406","Area merokok"
"2090","406","Area outdoor"
"2091","406","100% Halal"
"2092","406","Ruang VIP"
"2093","406","Bisa reservasi"
"2094","406","Area parkir"
"2095","406","Alkohol"
"2096","407","Wifi"
"2097","407","Area merokok"
"2098","407","100% Halal"
"2099","407","Ruang VIP"
"2100","407","Bisa reservasi"
"2101","407","Area parkir"
"2102","407","Alkohol"
"2103","408","Wifi"
"2104","408","Ruang VIP"
"2105","408","Bisa reservasi"
"2106","408","Area parkir"
"2107","408","Alkohol"
"2108","409","Ruang VIP"
"2109","409","Area parkir"
"2110","409","Alkohol"
"2111","410","Wifi"
"2112","410","Area merokok"
"2113","410","Area outdoor"
"2114","410","100% Halal"
"2115","410","Bisa reservasi"
"2116","410","Area parkir"
"2117","411","Wifi"
"2118","411","Pesan antar"
"2119","411","Area merokok"
"2120","411","Area outdoor"
"2121","411","100% Halal"
"2122","411","Bisa reservasi"
"2123","411","Area parkir"
"2124","412","Wifi"
"2125","412","Area merokok"
"2126","412","Area outdoor"
"2127","412","100% Halal"
"2128","412","Bisa reservasi"
"2129","412","Area parkir"
"2130","413","Wifi"
"2131","413","Area merokok"
"2132","413","100% Halal"
"2133","413","Area parkir"
"2134","414","Wifi"
"2135","414","Area merokok"
"2136","414","Bisa reservasi"
"2137","414","Area parkir"
"2138","414","Alkohol"
"2139","415","Wifi"
"2140","415","Area merokok"
"2141","415","Area outdoor"
"2142","415","Ruang VIP"
"2143","415","Bisa reservasi"
"2144","415","Area parkir"
"2145","415","Alkohol"
"2146","416","Wifi"
"2147","416","Area merokok"
"2148","416","Area outdoor"
"2149","416","100% Halal"
"2150","416","Area parkir"
"2151","416","Alkohol"
"2152","417","Wifi"
"2153","417","Area merokok"
"2154","417","Ruang VIP"
"2155","417","Bisa reservasi"
"2156","417","Area parkir"
"2157","417","Alkohol"
"2158","418","Area merokok"
"2159","418","100% Halal"
"2160","418","Ruang VIP"
"2161","418","Bisa reservasi"
"2162","418","Area parkir"
"2163","418","Alkohol"
"2164","419","Wifi"
"2165","419","Ruang VIP"
"2166","419","Bisa reservasi"
"2167","419","Area parkir"
"2168","419","Alkohol"
"2169","420","Wifi"
"2170","420","100% Halal"
"2171","420","Bisa reservasi"
"2172","420","Area parkir"
"2173","421","100% Halal"
"2174","421","Area parkir"
"2175","422","Wifi"
"2176","422","100% Halal"
"2177","422","Bisa reservasi"
"2178","422","Area parkir"
"2179","422","Alkohol"
"2180","423","100% Halal"
"2181","423","Area parkir"
"2182","424","Wifi"
"2183","424","Area merokok"
"2184","424","Area outdoor"
"2185","424","100% Halal"
"2186","424","Ruang VIP"
"2187","424","Bisa reservasi"
"2188","424","Area parkir"
"2189","425","Wifi"
"2190","425","Area merokok"
"2191","425","100% Halal"
"2192","425","Ruang VIP"
"2193","425","Bisa reservasi"
"2194","425","Area parkir"
"2195","426","Wifi"
"2196","426","Area merokok"
"2197","426","Area outdoor"
"2198","426","100% Halal"
"2199","426","Bisa reservasi"
"2200","426","Area parkir"
"2201","427","100% Halal"
"2202","427","Area parkir"
"2203","427","Alkohol"
"2204","428","Wifi"
"2205","428","Area merokok"
"2206","428","Area outdoor"
"2207","428","100% Halal"
"2208","428","Bisa reservasi"
"2209","428","Area parkir"
"2210","429","Wifi"
"2211","429","Pesan antar"
"2212","429","Area merokok"
"2213","429","Area outdoor"
"2214","429","100% Halal"
"2215","429","Bisa reservasi"
"2216","429","Area parkir"
"2217","430","100% Halal"
"2218","430","Area parkir"
"2219","431","Wifi"
"2220","431","Ruang VIP"
"2221","431","Bisa reservasi"
"2222","431","Area parkir"
"2223","431","Alkohol"
"2224","432","Wifi"
"2225","432","Area merokok"
"2226","432","Area outdoor"
"2227","432","100% Halal"
"2228","432","Bisa reservasi"
"2229","432","Area parkir"
"2230","433","Wifi"
"2231","433","100% Halal"
"2232","433","Bisa reservasi"
"2233","433","Area parkir"
"2234","434","Wifi"
"2235","434","Ruang VIP"
"2236","434","Bisa reservasi"
"2237","434","Area parkir"
"2238","434","Alkohol"
"2239","435","Wifi"
"2240","435","Area merokok"
"2241","435","Area outdoor"
"2242","435","Bisa reservasi"
"2243","435","Area parkir"
"2244","436","Wifi"
"2245","436","100% Halal"
"2246","436","Area parkir"
"2247","437","Wifi"
"2248","437","Area merokok"
"2249","437","Area outdoor"
"2250","437","Bisa reservasi"
"2251","437","Area parkir"
"2252","437","Alkohol"
"2253","438","Wifi"
"2254","438","Area merokok"
"2255","438","Area outdoor"
"2256","438","100% Halal"
"2257","438","Bisa reservasi"
"2258","438","Area parkir"
"2259","439","Wifi"
"2260","439","100% Halal"
"2261","439","Bisa reservasi"
"2262","440","Area parkir"
"2263","441","Wifi"
"2264","441","Area merokok"
"2265","441","Area outdoor"
"2266","441","100% Halal"
"2267","441","Bisa reservasi"
"2268","441","Area parkir"
"2269","442","Wifi"
"2270","442","Area merokok"
"2271","442","Area outdoor"
"2272","442","100% Halal"
"2273","442","Ruang VIP"
"2274","442","Bisa reservasi"
"2275","442","Area parkir"
"2276","443","Wifi"
"2277","443","Area merokok"
"2278","443","Area outdoor"
"2279","443","100% Halal"
"2280","443","Bisa reservasi"
"2281","443","Area parkir"
"2282","444","Wifi"
"2283","444","Area merokok"
"2284","444","Bisa reservasi"
"2285","444","Area parkir"
"2286","444","Alkohol"
"2287","445","Area merokok"
"2288","445","100% Halal"
"2289","445","Area parkir"
"2290","446","Wifi"
"2291","446","Area merokok"
"2292","446","100% Halal"
"2293","446","Ruang VIP"
"2294","446","Bisa reservasi"
"2295","446","Area parkir"
"2296","446","Alkohol"
"2297","447","Wifi"
"2298","447","Area merokok"
"2299","447","Area outdoor"
"2300","447","100% Halal"
"2301","447","Bisa reservasi"
"2302","447","Area parkir"
"2303","448","100% Halal"
"2304","448","Bisa reservasi"
"2305","448","Area parkir"
"2306","449","Wifi"
"2307","449","Pesan antar"
"2308","449","Area merokok"
"2309","449","Area outdoor"
"2310","449","100% Halal"
"2311","449","Ruang VIP"
"2312","449","Bisa reservasi"
"2313","449","Area parkir"
"2314","449","Alkohol"
"2315","450","Area merokok"
"2316","450","Area outdoor"
"2317","450","100% Halal"
"2318","451","Wifi"
"2319","451","Area merokok"
"2320","451","Area outdoor"
"2321","451","100% Halal"
"2322","451","Area parkir"
"2323","452","Wifi"
"2324","452","100% Halal"
"2325","452","Bisa reservasi"
"2326","452","Area parkir"
"2327","453","Area merokok"
"2328","453","Area outdoor"
"2329","453","100% Halal"
"2330","453","Area parkir"
"2331","454","100% Halal"
"2332","454","Area parkir"
"2333","455","Area merokok"
"2334","455","Area outdoor"
"2335","455","100% Halal"
"2336","455","Ruang VIP"
"2337","455","Bisa reservasi"
"2338","455","Area parkir"
"2339","455","Alkohol"
"2340","456","Wifi"
"2341","456","Area merokok"
"2342","456","Area outdoor"
"2343","456","100% Halal"
"2344","456","Bisa reservasi"
"2345","456","Area parkir"
"2346","457","Wifi"
"2347","457","Area merokok"
"2348","457","Area outdoor"
"2349","457","Bisa reservasi"
"2350","457","Area parkir"
"2351","458","Wifi"
"2352","458","Area merokok"
"2353","458","Area outdoor"
"2354","458","Ruang VIP"
"2355","458","Bisa reservasi"
"2356","458","Area parkir"
"2357","458","Alkohol"
"2358","459","Wifi"
"2359","459","Area merokok"
"2360","459","100% Halal"
"2361","459","Ruang VIP"
"2362","459","Bisa reservasi"
"2363","459","Area parkir"
"2364","459","Alkohol"
"2365","460","Wifi"
"2366","460","Area merokok"
"2367","460","Area outdoor"
"2368","460","100% Halal"
"2369","460","Ruang VIP"
"2370","460","Bisa reservasi"
"2371","460","Area parkir"
"2372","460","Alkohol"
"2373","461","Wifi"
"2374","461","Ruang VIP"
"2375","461","Bisa reservasi"
"2376","461","Area parkir"
"2377","461","Alkohol"
"2378","462","Wifi"
"2379","462","Area merokok"
"2380","462","100% Halal"
"2381","462","Ruang VIP"
"2382","462","Bisa reservasi"
"2383","462","Area parkir"
"2384","462","Alkohol"
"2385","463","Area merokok"
"2386","463","100% Halal"
"2387","463","Ruang VIP"
"2388","463","Bisa reservasi"
"2389","463","Area parkir"
"2390","463","Alkohol"
"2391","464","100% Halal"
"2392","464","Area parkir"
"2393","465","Wifi"
"2394","465","Area merokok"
"2395","465","Area outdoor"
"2396","465","100% Halal"
"2397","465","Bisa reservasi"
"2398","465","Area parkir"
"2399","466","Bisa reservasi"
"2400","466","Area parkir"
"2401","466","Alkohol"
"2402","467","Wifi"
"2403","467","Area merokok"
"2404","467","Area outdoor"
"2405","467","100% Halal"
"2406","467","Area parkir"
"2407","468","Wifi"
"2408","468","100% Halal"
"2409","468","Bisa reservasi"
"2410","468","Area parkir"
"2411","469","Wifi"
"2412","469","Area merokok"
"2413","469","Area outdoor"
"2414","469","100% Halal"
"2415","469","Bisa reservasi"
"2416","469","Area parkir"
"2417","469","Alkohol"
"2418","470","Area merokok"
"2419","470","100% Halal"
"2420","470","Bisa reservasi"
"2421","470","Area parkir"
"2422","471","100% Halal"
"2423","471","Area parkir"
"2424","472","Area merokok"
"2425","472","Area outdoor"
"2426","472","100% Halal"
"2427","472","Ruang VIP"
"2428","472","Bisa reservasi"
"2429","472","Area parkir"
"2430","473","Wifi"
"2431","473","Area merokok"
"2432","473","Area outdoor"
"2433","473","100% Halal"
"2434","473","Ruang VIP"
"2435","473","Bisa reservasi"
"2436","473","Area parkir"
"2437","473","Alkohol"
"2438","474","100% Halal"
"2439","475","100% Halal"
"2440","475","Bisa reservasi"
"2441","475","Area parkir"
"2442","476","100% Halal"
"2443","476","Area parkir"
"2444","477","100% Halal"
"2445","477","Area parkir"
"2446","478","Area merokok"
"2447","478","100% Halal"
"2448","479","100% Halal"
"2449","479","Bisa reservasi"
"2450","479","Area parkir"
"2451","480","100% Halal"
"2452","480","Area parkir"
"2453","481","Wifi"
"2454","481","100% Halal"
"2455","481","Bisa reservasi"
"2456","481","Area parkir"
"2457","482","Area merokok"
"2458","482","Area outdoor"
"2459","482","100% Halal"
"2460","482","Bisa reservasi"
"2461","482","Area parkir"
"2462","482","Alkohol"
"2463","483","100% Halal"
"2464","483","Area parkir"
"2465","484","100% Halal"
"2466","484","Area parkir"
"2467","485","Wifi"
"2468","485","Area merokok"
"2469","485","100% Halal"
"2470","485","Area parkir"
"2471","486","Wifi"
"2472","486","Area merokok"
"2473","486","Area outdoor"
"2474","486","100% Halal"
"2475","486","Area parkir"
"2476","487","Area merokok"
"2477","487","100% Halal"
"2478","487","Bisa reservasi"
"2479","487","Area parkir"
"2480","487","Alkohol"
"2481","488","Area merokok"
"2482","488","100% Halal"
"2483","488","Area parkir"
"2484","489","Area merokok"
"2485","489","Area outdoor"
"2486","489","100% Halal"
"2487","489","Area parkir"
"2488","490","Wifi"
"2489","490","Area merokok"
"2490","490","Area outdoor"
"2491","490","100% Halal"
"2492","490","Ruang VIP"
"2493","490","Bisa reservasi"
"2494","490","Area parkir"
"2495","491","100% Halal"
"2496","492","Wifi"
"2497","492","Area merokok"
"2498","492","100% Halal"
"2499","492","Ruang VIP"
"2500","492","Bisa reservasi"
"2501","492","Area parkir"
"2502","492","Alkohol"
"2503","493","Wifi"
"2504","493","Area merokok"
"2505","493","Area outdoor"
"2506","493","100% Halal"
"2507","493","Bisa reservasi"
"2508","493","Area parkir"
"2509","494","Wifi"
"2510","494","Area merokok"
"2511","494","Area outdoor"
"2512","494","100% Halal"
"2513","494","Ruang VIP"
"2514","494","Bisa reservasi"
"2515","494","Area parkir"
"2516","494","Alkohol"
"2517","495","Wifi"
"2518","495","Area merokok"
"2519","495","Ruang VIP"
"2520","495","Bisa reservasi"
"2521","495","Area parkir"
"2522","495","Alkohol"
"2523","496","Wifi"
"2524","496","Pesan antar"
"2525","496","100% Halal"
"2526","496","Bisa reservasi"
"2527","496","Area parkir"
"2528","497","Wifi"
"2529","497","Area merokok"
"2530","497","Area outdoor"
"2531","497","100% Halal"
"2532","497","Bisa reservasi"
"2533","497","Area parkir"
"2534","498","100% Halal"
"2535","499","Area merokok"
"2536","499","Area outdoor"
"2537","499","100% Halal"
"2538","499","Area parkir"
"2539","500","Wifi"
"2540","500","100% Halal"
"2541","500","Bisa reservasi"
"2542","500","Area parkir"
"2543","501","Wifi"
"2544","501","Area merokok"
"2545","501","Area outdoor"
"2546","501","Bisa reservasi"
"2547","501","Area parkir"
"2548","501","Alkohol"
"2549","502","100% Halal"
"2550","502","Area parkir"
"2551","503","Wifi"
"2552","503","100% Halal"
"2553","503","Area parkir"
"2554","504","Wifi"
"2555","504","Pesan antar"
"2556","504","100% Halal"
"2557","504","Bisa reservasi"
"2558","504","Area parkir"
"2559","505","Wifi"
"2560","505","Area merokok"
"2561","505","Area outdoor"
"2562","505","Ruang VIP"
"2563","505","Bisa reservasi"
"2564","505","Area parkir"
"2565","505","Alkohol"
"2566","506","Wifi"
"2567","506","Pesan antar"
"2568","506","Area merokok"
"2569","506","Area outdoor"
"2570","506","100% Halal"
"2571","506","Bisa reservasi"
"2572","506","Area parkir"
"2573","507","100% Halal"
"2574","507","Area parkir"
"2575","508","Wifi"
"2576","508","Area merokok"
"2577","508","Area outdoor"
"2578","508","100% Halal"
"2579","508","Area parkir"
"2580","509","Ruang VIP"
"2581","509","Bisa reservasi"
"2582","509","Area parkir"
"2583","509","Alkohol"
"2584","510","Wifi"
"2585","510","Area merokok"
"2586","510","Area outdoor"
"2587","510","100% Halal"
"2588","510","Bisa reservasi"
"2589","510","Area parkir"
"2590","511","Wifi"
"2591","511","Area merokok"
"2592","511","100% Halal"
"2593","511","Ruang VIP"
"2594","511","Bisa reservasi"
"2595","511","Area parkir"
"2596","512","Wifi"
"2597","512","Area merokok"
"2598","512","Area outdoor"
"2599","512","100% Halal"
"2600","512","Ruang VIP"
"2601","512","Bisa reservasi"
"2602","512","Area parkir"
"2603","512","Alkohol"
"2604","513","Area parkir"
"2605","514","Pesan antar"
"2606","514","Area merokok"
"2607","514","Area outdoor"
"2608","514","100% Halal"
"2609","514","Ruang VIP"
"2610","514","Bisa reservasi"
"2611","514","Area parkir"
"2612","515","Wifi"
"2613","515","Pesan antar"
"2614","515","Area merokok"
"2615","515","Area outdoor"
"2616","515","Bisa reservasi"
"2617","515","Area parkir"
"2618","515","Alkohol"
"2619","516","Bisa reservasi"
"2620","516","Area parkir"
"2621","516","Alkohol"
"2622","517","Area merokok"
"2623","517","24 Jam"
"2624","517","100% Halal"
"2625","517","Area parkir"
"2626","518","Wifi"
"2627","518","100% Halal"
"2628","518","Bisa reservasi"
"2629","518","Area parkir"
"2630","519","Wifi"
"2631","519","Area merokok"
"2632","519","100% Halal"
"2633","519","Ruang VIP"
"2634","519","Bisa reservasi"
"2635","519","Area parkir"
"2636","520","100% Halal"
"2637","520","Ruang VIP"
"2638","520","Bisa reservasi"
"2639","520","Area parkir"
"2640","520","Alkohol"
"2641","521","Wifi"
"2642","521","100% Halal"
"2643","521","Bisa reservasi"
"2644","521","Area parkir"
"2645","522","Wifi"
"2646","522","100% Halal"
"2647","522","Ruang VIP"
"2648","522","Bisa reservasi"
"2649","522","Area parkir"
"2650","522","Alkohol"
"2651","523","Wifi"
"2652","523","Ruang VIP"
"2653","523","Area parkir"
"2654","523","Alkohol"
"2655","524","Wifi"
"2656","524","Area parkir"
"2657","524","Alkohol"
"2658","525","Wifi"
"2659","525","Ruang VIP"
"2660","525","Area parkir"
"2661","525","Alkohol"
"2662","526","Wifi"
"2663","526","Area parkir"
"2664","526","Alkohol"
"2665","527","Wifi"
"2666","527","Ruang VIP"
"2667","527","Bisa reservasi"
"2668","527","Area parkir"
"2669","527","Alkohol"
"2670","528","Wifi"
"2671","528","Pesan antar"
"2672","528","100% Halal"
"2673","528","Bisa reservasi"
"2674","528","Area parkir"
"2675","529","100% Halal"
"2676","529","Area parkir"
"2677","530","100% Halal"
"2678","530","Bisa reservasi"
"2679","530","Area parkir"
"2680","530","Alkohol"
"2681","531","Wifi"
"2682","531","Area merokok"
"2683","531","Bisa reservasi"
"2684","531","Area parkir"
"2685","531","Alkohol"
"2686","532","Wifi"
"2687","532","Area merokok"
"2688","532","100% Halal"
"2689","532","Bisa reservasi"
"2690","532","Area parkir"
"2691","532","Alkohol"
"2692","533","Ruang VIP"
"2693","533","Bisa reservasi"
"2694","533","Area parkir"
"2695","533","Alkohol"
"2696","534","100% Halal"
"2697","534","Area parkir"
"2698","535","Wifi"
"2699","535","Area merokok"
"2700","535","Ruang VIP"
"2701","535","Bisa reservasi"
"2702","535","Area parkir"
"2703","535","Alkohol"
"2704","536","Area merokok"
"2705","536","Bisa reservasi"
"2706","536","Area parkir"
"2707","536","Alkohol"
"2708","537","Wifi"
"2709","537","Area merokok"
"2710","537","Ruang VIP"
"2711","537","Bisa reservasi"
"2712","537","Area parkir"
"2713","537","Alkohol"
"2714","538","Wifi"
"2715","538","Area merokok"
"2716","538","Area outdoor"
"2717","538","100% Halal"
"2718","538","Area parkir"
"2719","539","Wifi"
"2720","539","Bisa reservasi"
"2721","539","Area parkir"
"2722","540","Wifi"
"2723","540","Area merokok"
"2724","540","Area outdoor"
"2725","540","100% Halal"
"2726","540","Bisa reservasi"
"2727","540","Area parkir"
"2728","541","Wifi"
"2729","541","Area merokok"
"2730","541","Area outdoor"
"2731","541","100% Halal"
"2732","541","Bisa reservasi"
"2733","541","Area parkir"
"2734","542","100% Halal"
"2735","542","Area parkir"
"2736","543","Wifi"
"2737","543","Area merokok"
"2738","543","100% Halal"
"2739","543","Bisa reservasi"
"2740","543","Area parkir"
"2741","544","Wifi"
"2742","544","Pesan antar"
"2743","544","Area merokok"
"2744","544","Area outdoor"
"2745","544","100% Halal"
"2746","544","Ruang VIP"
"2747","544","Bisa reservasi"
"2748","544","Area parkir"
"2749","545","100% Halal"
"2750","545","Area parkir"
"2751","546","Wifi"
"2752","546","Area merokok"
"2753","546","Area outdoor"
"2754","546","Ruang VIP"
"2755","546","Bisa reservasi"
"2756","546","Area parkir"
"2757","547","Wifi"
"2758","547","Bisa reservasi"
"2759","547","Area parkir"
"2760","547","Alkohol"
"2761","548","Wifi"
"2762","548","100% Halal"
"2763","548","Ruang VIP"
"2764","548","Bisa reservasi"
"2765","548","Area parkir"
"2766","549","Wifi"
"2767","549","Area parkir"
"2768","549","Alkohol"
"2769","550","Wifi"
"2770","550","Ruang VIP"
"2771","550","Bisa reservasi"
"2772","550","Area parkir"
"2773","550","Alkohol"
"2774","551","Wifi"
"2775","551","100% Halal"
"2776","551","Bisa reservasi"
"2777","551","Area parkir"
"2778","551","Alkohol"
"2779","552","Wifi"
"2780","552","Pesan antar"
"2781","552","Area merokok"
"2782","552","Area outdoor"
"2783","552","Bisa reservasi"
"2784","552","Area parkir"
"2785","552","Alkohol"
"2786","553","100% Halal"
"2787","553","Area parkir"
"2788","554","Wifi"
"2789","554","100% Halal"
"2790","554","Bisa reservasi"
"2791","554","Area parkir"
"2792","555","Wifi"
"2793","555","100% Halal"
"2794","555","Ruang VIP"
"2795","555","Bisa reservasi"
"2796","555","Area parkir"
"2797","556","Wifi"
"2798","556","Area merokok"
"2799","556","Area outdoor"
"2800","556","100% Halal"
"2801","556","Bisa reservasi"
"2802","556","Area parkir"
"2803","556","Alkohol"
"2804","557","100% Halal"
"2805","557","Area parkir"
"2806","558","Wifi"
"2807","558","Area parkir"
"2808","559","Area merokok"
"2809","559","Area outdoor"
"2810","559","100% Halal"
"2811","559","Bisa reservasi"
"2812","559","Area parkir"
"2813","560","Wifi"
"2814","560","Area merokok"
"2815","560","Area outdoor"
"2816","560","100% Halal"
"2817","560","Bisa reservasi"
"2818","560","Area parkir"
"2819","560","Alkohol"
"2820","561","100% Halal"
"2821","561","Bisa reservasi"
"2822","561","Area parkir"
"2823","562","Wifi"
"2824","562","Area merokok"
"2825","562","Area outdoor"
"2826","562","100% Halal"
"2827","562","Ruang VIP"
"2828","562","Bisa reservasi"
"2829","562","Area parkir"
"2830","563","Wifi"
"2831","563","Area parkir"
"2832","563","Alkohol"
"2833","564","100% Halal"
"2834","564","Area parkir"
"2835","565","100% Halal"
"2836","565","Bisa reservasi"
"2837","565","Area parkir"
"2838","566","Bisa reservasi"
"2839","566","Area parkir"
"2840","566","Alkohol"
"2841","567","Wifi"
"2842","567","100% Halal"
"2843","567","Area parkir"
"2844","568","Area parkir"
"2845","568","Alkohol"
"2846","569","100% Halal"
"2847","569","Area parkir"
"2848","570","Area parkir"
"2849","571","Wifi"
"2850","571","Area merokok"
"2851","571","Area outdoor"
"2852","571","100% Halal"
"2853","571","Area parkir"
"2854","572","Wifi"
"2855","572","Area merokok"
"2856","572","Area outdoor"
"2857","572","Bisa reservasi"
"2858","572","Area parkir"
"2859","572","Alkohol"
"2860","573","Wifi"
"2861","573","Area merokok"
"2862","573","Area outdoor"
"2863","573","100% Halal"
"2864","573","Area parkir"
"2865","574","Wifi"
"2866","574","Bisa reservasi"
"2867","574","Area parkir"
"2868","575","Wifi"
"2869","575","Area merokok"
"2870","575","Area outdoor"
"2871","575","Bisa reservasi"
"2872","575","Area parkir"
"2873","575","Alkohol"
"2874","576","Wifi"
"2875","576","Area merokok"
"2876","576","Area outdoor"
"2877","576","100% Halal"
"2878","576","Ruang VIP"
"2879","576","Bisa reservasi"
"2880","576","Area parkir"
"2881","577","Area merokok"
"2882","577","Area outdoor"
"2883","577","Ruang VIP"
"2884","577","Bisa reservasi"
"2885","577","Area parkir"
"2886","577","Alkohol"
"2887","578","Wifi"
"2888","578","Area merokok"
"2889","578","Area outdoor"
"2890","578","Ruang VIP"
"2891","578","Bisa reservasi"
"2892","578","Area parkir"
"2893","578","Alkohol"
"2894","579","Wifi"
"2895","579","Ruang VIP"
"2896","579","Bisa reservasi"
"2897","579","Area parkir"
"2898","579","Alkohol"
"2899","580","Wifi"
"2900","580","100% Halal"
"2901","580","Bisa reservasi"
"2902","580","Area parkir"
"2903","580","Alkohol"
"2904","581","100% Halal"
"2905","581","Area parkir"
"2906","582","Area merokok"
"2907","582","Area outdoor"
"2908","582","100% Halal"
"2909","582","Area parkir"
"2910","583","Area parkir"
"2911","584","100% Halal"
"2912","584","Bisa reservasi"
"2913","584","Area parkir"
"2914","585","Pesan antar"
"2915","585","Bisa reservasi"
"2916","585","Area parkir"
"2917","585","Alkohol"
"2918","586","Wifi"
"2919","586","Ruang VIP"
"2920","586","Bisa reservasi"
"2921","586","Area parkir"
"2922","586","Alkohol"
"2923","587","100% Halal"
"2924","587","Area parkir"
"2925","588","Wifi"
"2926","588","Area merokok"
"2927","588","Area outdoor"
"2928","588","Bisa reservasi"
"2929","588","Area parkir"
"2930","588","Alkohol"
"2931","589","Wifi"
"2932","589","Area merokok"
"2933","589","Area outdoor"
"2934","589","100% Halal"
"2935","589","Ruang VIP"
"2936","589","Area parkir"
"2937","590","Wifi"
"2938","590","Area merokok"
"2939","590","Area outdoor"
"2940","590","100% Halal"
"2941","590","Ruang VIP"
"2942","590","Bisa reservasi"
"2943","590","Area parkir"
"2944","590","Alkohol"
"2945","591","Area merokok"
"2946","591","Area outdoor"
"2947","591","100% Halal"
"2948","591","Bisa reservasi"
"2949","591","Area parkir"
"2950","592","Area merokok"
"2951","592","100% Halal"
"2952","592","Area parkir"
"2953","593","Area merokok"
"2954","593","Area outdoor"
"2955","593","Area parkir"
"2956","594","Area merokok"
"2957","594","Area outdoor"
"2958","594","Area parkir"
"2959","595","Area merokok"
"2960","595","Area outdoor"
"2961","595","100% Halal"
"2962","595","Area parkir"
"2963","596","Pesan antar"
"2964","596","Area merokok"
"2965","596","Area parkir"
"2966","598","Pesan antar"
"2967","598","Area merokok"
"2968","598","Area outdoor"
"2969","598","Bisa reservasi"
"2970","598","Area parkir"
"2971","599","Area merokok"
"2972","599","100% Halal"
"2973","600","Wifi"
"2974","600","Ruang VIP"
"2975","600","Bisa reservasi"
"2976","600","Area parkir"
"2977","600","Alkohol"
"2978","601","Wifi"
"2979","601","100% Halal"
"2980","601","Area parkir"
"2981","602","Wifi"
"2982","602","Area merokok"
"2983","602","Area outdoor"
"2984","602","100% Halal"
"2985","602","Bisa reservasi"
"2986","602","Area parkir"
"2987","603","Wifi"
"2988","603","100% Halal"
"2989","603","Bisa reservasi"
"2990","603","Area parkir"
"2991","604","Wifi"
"2992","604","100% Halal"
"2993","604","Bisa reservasi"
"2994","604","Area parkir"
"2995","605","Wifi"
"2996","605","Area merokok"
"2997","605","Area outdoor"
"2998","605","Bisa reservasi"
"2999","605","Area parkir"
"3000","605","Alkohol"
"3001","606","Wifi"
"3002","606","Area merokok"
"3003","606","Area outdoor"
"3004","606","100% Halal"
"3005","606","Ruang VIP"
"3006","606","Bisa reservasi"
"3007","606","Area parkir"
"3008","606","Alkohol"
"3009","607","Wifi"
"3010","607","Area merokok"
"3011","607","100% Halal"
"3012","607","Area parkir"
"3013","608","Wifi"
"3014","608","Area merokok"
"3015","608","100% Halal"
"3016","608","Bisa reservasi"
"3017","608","Area parkir"
"3018","609","Wifi"
"3019","609","Pesan antar"
"3020","609","100% Halal"
"3021","609","Ruang VIP"
"3022","609","Bisa reservasi"
"3023","609","Area parkir"
"3024","609","Alkohol"
"3025","610","100% Halal"
"3026","610","Area parkir"
"3027","612","Area merokok"
"3028","612","Area outdoor"
"3029","612","100% Halal"
"3030","612","Bisa reservasi"
"3031","612","Area parkir"
"3032","613","Area merokok"
"3033","613","Area outdoor"
"3034","613","100% Halal"
"3035","613","Bisa reservasi"
"3036","613","Area parkir"
"3037","613","Alkohol"
"3038","614","Area parkir"
"3039","615","Wifi"
"3040","615","Area merokok"
"3041","615","100% Halal"
"3042","615","Ruang VIP"
"3043","615","Bisa reservasi"
"3044","615","Area parkir"
"3045","615","Alkohol"
"3046","616","100% Halal"
"3047","616","Area parkir"
"3048","617","Wifi"
"3049","617","Area merokok"
"3050","617","Area outdoor"
"3051","617","100% Halal"
"3052","617","Ruang VIP"
"3053","617","Bisa reservasi"
"3054","617","Area parkir"
"3055","618","100% Halal"
"3056","618","Bisa reservasi"
"3057","618","Area parkir"
"3058","619","Wifi"
"3059","619","Area merokok"
"3060","619","Area outdoor"
"3061","619","100% Halal"
"3062","619","Ruang VIP"
"3063","619","Bisa reservasi"
"3064","619","Area parkir"
"3065","620","Wifi"
"3066","620","Area merokok"
"3067","620","Area outdoor"
"3068","620","100% Halal"
"3069","620","Area parkir"
"3070","621","Wifi"
"3071","621","Area merokok"
"3072","621","Area outdoor"
"3073","621","100% Halal"
"3074","621","Bisa reservasi"
"3075","621","Area parkir"
"3076","622","Area merokok"
"3077","622","100% Halal"
"3078","622","Area parkir"
"3079","623","Wifi"
"3080","623","Area merokok"
"3081","623","100% Halal"
"3082","623","Bisa reservasi"
"3083","623","Area parkir"
"3084","624","Wifi"
"3085","624","Area merokok"
"3086","624","Area outdoor"
"3087","624","100% Halal"
"3088","624","Bisa reservasi"
"3089","624","Area parkir"
"3090","625","Wifi"
"3091","625","Area merokok"
"3092","625","Area outdoor"
"3093","625","100% Halal"
"3094","625","Area parkir"
"3095","626","Wifi"
"3096","626","100% Halal"
"3097","626","Bisa reservasi"
"3098","626","Area parkir"
"3099","627","Wifi"
"3100","627","100% Halal"
"3101","627","Area parkir"
"3102","628","Area merokok"
"3103","628","100% Halal"
"3104","629","Wifi"
"3105","629","Area merokok"
"3106","629","100% Halal"
"3107","629","Ruang VIP"
"3108","629","Bisa reservasi"
"3109","629","Area parkir"
"3110","629","Alkohol"
"3111","631","Wifi"
"3112","631","Area merokok"
"3113","631","100% Halal"
"3114","631","Bisa reservasi"
"3115","631","Area parkir"
"3116","632","Area merokok"
"3117","632","100% Halal"
"3118","632","Area parkir"
"3119","633","Wifi"
"3120","633","Area merokok"
"3121","633","Bisa reservasi"
"3122","633","Area parkir"
"3123","635","Wifi"
"3124","636","Wifi"
"3125","636","Pesan antar"
"3126","636","Bisa reservasi"
"3127","636","Area parkir"
"3128","636","Alkohol"
"3129","637","100% Halal"
"3130","637","Area parkir"
"3131","638","Wifi"
"3132","638","Bisa reservasi"
"3133","638","Area parkir"
"3134","638","Alkohol"
"3135","639","Wifi"
"3136","639","100% Halal"
"3137","639","Bisa reservasi"
"3138","639","Area parkir"
"3139","640","Wifi"
"3140","640","Ruang VIP"
"3141","640","Bisa reservasi"
"3142","640","Area parkir"
"3143","640","Alkohol"
"3144","641","Wifi"
"3145","641","Ruang VIP"
"3146","641","Bisa reservasi"
"3147","641","Area parkir"
"3148","641","Alkohol"
"3149","642","Wifi"
"3150","642","Area merokok"
"3151","642","Area outdoor"
"3152","642","100% Halal"
"3153","642","Bisa reservasi"
"3154","642","Area parkir"
"3155","642","Alkohol"
"3156","643","Wifi"
"3157","643","Ruang VIP"
"3158","643","Bisa reservasi"
"3159","643","Area parkir"
"3160","643","Alkohol"
"3161","644","Wifi"
"3162","644","100% Halal"
"3163","644","Area parkir"
"3164","645","Wifi"
"3165","645","Area merokok"
"3166","645","Area outdoor"
"3167","645","Ruang VIP"
"3168","645","Bisa reservasi"
"3169","645","Area parkir"
"3170","645","Alkohol"
"3171","646","Wifi"
"3172","646","Area merokok"
"3173","646","Area outdoor"
"3174","646","100% Halal"
"3175","646","Ruang VIP"
"3176","646","Bisa reservasi"
"3177","646","Area parkir"
"3178","646","Alkohol"
"3179","648","Wifi"
"3180","648","100% Halal"
"3181","648","Bisa reservasi"
"3182","648","Area parkir"
"3183","649","Area merokok"
"3184","649","Area outdoor"
"3185","649","100% Halal"
"3186","649","Area parkir"
"3187","650","100% Halal"
"3188","650","Area parkir"
"3189","651","Wifi"
"3190","651","Pesan antar"
"3191","651","Area merokok"
"3192","651","Area outdoor"
"3193","651","100% Halal"
"3194","651","Area parkir"
"3195","652","Wifi"
"3196","652","Area merokok"
"3197","652","100% Halal"
"3198","652","Bisa reservasi"
"3199","652","Area parkir"
"3200","653","100% Halal"
"3201","654","100% Halal"
"3202","655","Pesan antar"
"3203","655","100% Halal"
"3204","655","Bisa reservasi"
"3205","655","Area parkir"
"3206","656","100% Halal"
"3207","656","Bisa reservasi"
"3208","656","Area parkir"
"3209","657","Wifi"
"3210","657","100% Halal"
"3211","657","Ruang VIP"
"3212","657","Bisa reservasi"
"3213","657","Area parkir"
"3214","657","Alkohol"
"3215","658","Area merokok"
"3216","658","100% Halal"
"3217","658","Area parkir"
"3218","659","100% Halal"
"3219","659","Area parkir"
"3220","660","Wifi"
"3221","660","100% Halal"
"3222","660","Bisa reservasi"
"3223","660","Area parkir"
"3224","661","Area parkir"
"3225","661","Alkohol"
"3226","662","Area parkir"
"3227","663","Area merokok"
"3228","663","100% Halal"
"3229","663","Area parkir"
"3230","664","Wifi"
"3231","664","Area merokok"
"3232","664","Area outdoor"
"3233","664","Ruang VIP"
"3234","664","Bisa reservasi"
"3235","664","Area parkir"
"3236","664","Alkohol"
"3237","665","Wifi"
"3238","665","Pesan antar"
"3239","665","Area merokok"
"3240","665","100% Halal"
"3241","665","Ruang VIP"
"3242","665","Bisa reservasi"
"3243","665","Area parkir"
"3244","665","Alkohol"
"3245","666","Wifi"
"3246","666","Area merokok"
"3247","666","Area outdoor"
"3248","666","100% Halal"
"3249","666","Ruang VIP"
"3250","666","Bisa reservasi"
"3251","666","Area parkir"
"3252","666","Alkohol"
"3253","667","Wifi"
"3254","667","100% Halal"
"3255","667","Bisa reservasi"
"3256","667","Area parkir"
"3257","667","Alkohol"
"3258","668","Wifi"
"3259","668","Area merokok"
"3260","668","Area outdoor"
"3261","668","Area parkir"
"3262","668","Alkohol"
"3263","669","Area merokok"
"3264","669","Area outdoor"
"3265","669","100% Halal"
"3266","669","Bisa reservasi"
"3267","669","Area parkir"
"3268","670","Wifi"
"3269","670","Area merokok"
"3270","670","Ruang VIP"
"3271","670","Bisa reservasi"
"3272","670","Area parkir"
"3273","670","Alkohol"
"3274","671","Wifi"
"3275","671","Area merokok"
"3276","671","Area outdoor"
"3277","671","100% Halal"
"3278","671","Area parkir"
"3279","672","Wifi"
"3280","672","Area merokok"
"3281","672","Ruang VIP"
"3282","672","Bisa reservasi"
"3283","672","Area parkir"
"3284","672","Alkohol"
"3285","673","100% Halal"
"3286","673","Area parkir"
"3287","674","100% Halal"
"3288","674","Area parkir"
"3289","675","Wifi"
"3290","675","Area merokok"
"3291","675","Ruang VIP"
"3292","675","Bisa reservasi"
"3293","675","Area parkir"
"3294","675","Alkohol"
"3295","676","100% Halal"
"3296","676","Area parkir"
"3297","677","Area merokok"
"3298","677","Area outdoor"
"3299","677","100% Halal"
"3300","677","Area parkir"
"3301","678","100% Halal"
"3302","678","Area parkir"
"3303","679","Wifi"
"3304","679","Pesan antar"
"3305","679","Area merokok"
"3306","679","100% Halal"
"3307","679","Ruang VIP"
"3308","679","Bisa reservasi"
"3309","679","Area parkir"
"3310","680","Wifi"
"3311","680","Pesan antar"
"3312","680","Area merokok"
"3313","680","Area outdoor"
"3314","680","100% Halal"
"3315","680","Bisa reservasi"
"3316","680","Area parkir"
"3317","681","Wifi"
"3318","681","Area merokok"
"3319","681","Area outdoor"
"3320","681","Ruang VIP"
"3321","681","Bisa reservasi"
"3322","681","Area parkir"
"3323","682","100% Halal"
"3324","682","Bisa reservasi"
"3325","682","Area parkir"
"3326","683","Area merokok"
"3327","683","100% Halal"
"3328","683","Area parkir"
"3329","684","100% Halal"
"3330","684","Area parkir"
"3331","685","Wifi"
"3332","685","Area merokok"
"3333","685","Area outdoor"
"3334","685","100% Halal"
"3335","685","Area parkir"
"3336","686","Area merokok"
"3337","686","Area outdoor"
"3338","686","Area parkir"
"3339","687","100% Halal"
"3340","687","Area parkir"
"3341","688","Area merokok"
"3342","688","Area outdoor"
"3343","688","100% Halal"
"3344","688","Bisa reservasi"
"3345","688","Area parkir"
"3346","688","Alkohol"
"3347","689","Wifi"
"3348","689","Area parkir"
"3349","690","100% Halal"
"3350","690","Area parkir"
"3351","691","Area merokok"
"3352","691","Area outdoor"
"3353","691","100% Halal"
"3354","691","Bisa reservasi"
"3355","691","Area parkir"
"3356","692","Wifi"
"3357","692","Area merokok"
"3358","692","Area outdoor"
"3359","692","Area parkir"
"3360","692","Alkohol"
"3361","693","100% Halal"
"3362","693","Bisa reservasi"
"3363","693","Area parkir"
"3364","693","Alkohol"
"3365","694","100% Halal"
"3366","694","Area parkir"
"3367","695","Wifi"
"3368","695","Pesan antar"
"3369","695","100% Halal"
"3370","695","Bisa reservasi"
"3371","695","Area parkir"
"3372","695","Alkohol"
"3373","696","Wifi"
"3374","696","Area merokok"
"3375","696","Bisa reservasi"
"3376","696","Area parkir"
"3377","696","Alkohol"
"3378","697","Wifi"
"3379","697","100% Halal"
"3380","697","Area parkir"
"3381","698","Area parkir"
"3382","698","Alkohol"
"3383","699","Wifi"
"3384","699","100% Halal"
"3385","699","Bisa reservasi"
"3386","699","Area parkir"
"3387","700","Area merokok"
"3388","700","Area outdoor"
"3389","700","100% Halal"
"3390","700","Bisa reservasi"
"3391","700","Area parkir"
"3392","701","Wifi"
"3393","701","Area merokok"
"3394","701","Area outdoor"
"3395","701","100% Halal"
"3396","701","Area parkir"
"3397","702","Wifi"
"3398","702","100% Halal"
"3399","702","Area parkir"
"3400","703","Wifi"
"3401","703","Area merokok"
"3402","703","Area outdoor"
"3403","703","100% Halal"
"3404","703","Area parkir"
"3405","704","Wifi"
"3406","704","Pesan antar"
"3407","704","100% Halal"
"3408","704","Ruang VIP"
"3409","704","Bisa reservasi"
"3410","704","Area parkir"
"3411","705","Wifi"
"3412","705","Area merokok"
"3413","705","Area outdoor"
"3414","705","Area parkir"
"3415","706","Wifi"
"3416","706","100% Halal"
"3417","706","Bisa reservasi"
"3418","706","Area parkir"
"3419","707","Wifi"
"3420","707","100% Halal"
"3421","707","Bisa reservasi"
"3422","707","Area parkir"
"3423","707","Alkohol"
"3424","708","Wifi"
"3425","708","Area merokok"
"3426","708","Area outdoor"
"3427","708","100% Halal"
"3428","708","Area parkir"
"3429","709","Wifi"
"3430","709","Area merokok"
"3431","709","Area outdoor"
"3432","709","Bisa reservasi"
"3433","709","Area parkir"
"3434","709","Alkohol"
"3435","710","Wifi"
"3436","710","Area merokok"
"3437","710","Area outdoor"
"3438","710","100% Halal"
"3439","710","Ruang VIP"
"3440","710","Bisa reservasi"
"3441","710","Area parkir"
"3442","711","Wifi"
"3443","711","Area merokok"
"3444","711","Area outdoor"
"3445","711","100% Halal"
"3446","711","Bisa reservasi"
"3447","711","Area parkir"
"3448","711","Alkohol"
"3449","712","Area merokok"
"3450","712","100% Halal"
"3451","712","Area parkir"
"3452","713","Area parkir"
"3453","713","Alkohol"
"3454","714","Wifi"
"3455","714","Area merokok"
"3456","714","Area outdoor"
"3457","714","100% Halal"
"3458","715","Wifi"
"3459","715","Area merokok"
"3460","715","Area outdoor"
"3461","715","Ruang VIP"
"3462","715","Bisa reservasi"
"3463","715","Area parkir"
"3464","715","Alkohol"
"3465","716","Wifi"
"3466","716","Area merokok"
"3467","716","Area outdoor"
"3468","716","24 Jam"
"3469","716","100% Halal"
"3470","716","Ruang VIP"
"3471","716","Bisa reservasi"
"3472","716","Area parkir"
"3473","717","Wifi"
"3474","717","Area merokok"
"3475","717","Area outdoor"
"3476","717","100% Halal"
"3477","717","Ruang VIP"
"3478","717","Bisa reservasi"
"3479","717","Area parkir"
"3480","718","Wifi"
"3481","718","Area merokok"
"3482","718","Area outdoor"
"3483","718","Ruang VIP"
"3484","718","Bisa reservasi"
"3485","718","Area parkir"
"3486","718","Alkohol"
"3487","719","Area merokok"
"3488","719","100% Halal"
"3489","720","Wifi"
"3490","720","Area merokok"
"3491","720","Area outdoor"
"3492","720","100% Halal"
"3493","720","Bisa reservasi"
"3494","720","Area parkir"
"3495","720","Alkohol"
"3496","721","Wifi"
"3497","721","Area merokok"
"3498","721","Area outdoor"
"3499","721","Bisa reservasi"
"3500","721","Area parkir"
"3501","721","Alkohol"
"3502","722","Wifi"
"3503","722","Area merokok"
"3504","722","Area outdoor"
"3505","722","Ruang VIP"
"3506","722","Bisa reservasi"
"3507","722","Area parkir"
"3508","722","Alkohol"
"3509","723","Wifi"
"3510","723","Area merokok"
"3511","723","Area outdoor"
"3512","723","100% Halal"
"3513","723","Ruang VIP"
"3514","723","Bisa reservasi"
"3515","723","Area parkir"
"3516","723","Alkohol"
"3517","724","Wifi"
"3518","724","Area merokok"
"3519","724","Area outdoor"
"3520","724","100% Halal"
"3521","724","Bisa reservasi"
"3522","724","Area parkir"
"3523","725","Wifi"
"3524","725","100% Halal"
"3525","725","Bisa reservasi"
"3526","725","Area parkir"
"3527","725","Alkohol"
"3528","726","Wifi"
"3529","726","Area merokok"
"3530","726","Area outdoor"
"3531","726","Area parkir"
"3532","726","Alkohol"
"3533","727","Area merokok"
"3534","727","100% Halal"
"3535","727","Bisa reservasi"
"3536","727","Area parkir"
"3537","728","Wifi"
"3538","728","Area merokok"
"3539","728","Area outdoor"
"3540","728","Bisa reservasi"
"3541","728","Area parkir"
"3542","728","Alkohol"
"3543","729","Wifi"
"3544","729","Area merokok"
"3545","729","Area outdoor"
"3546","729","100% Halal"
"3547","729","Bisa reservasi"
"3548","729","Area parkir"
"3549","729","Alkohol"
"3550","730","Wifi"
"3551","730","Area merokok"
"3552","730","Area outdoor"
"3553","730","100% Halal"
"3554","730","Bisa reservasi"
"3555","730","Area parkir"
"3556","731","Wifi"
"3557","731","Area merokok"
"3558","731","Area outdoor"
"3559","731","100% Halal"
"3560","731","Bisa reservasi"
"3561","731","Area parkir"
"3562","732","Wifi"
"3563","732","Area merokok"
"3564","732","Area outdoor"
"3565","732","100% Halal"
"3566","732","Area parkir"
"3567","733","Wifi"
"3568","733","Area merokok"
"3569","733","Area outdoor"
"3570","733","Bisa reservasi"
"3571","733","Area parkir"
"3572","733","Alkohol"
"3573","734","Area parkir"
"3574","735","Area merokok"
"3575","735","Area outdoor"
"3576","735","Ruang VIP"
"3577","735","Bisa reservasi"
"3578","735","Area parkir"
"3579","736","Wifi"
"3580","736","Area merokok"
"3581","736","Area outdoor"
"3582","736","100% Halal"
"3583","736","Bisa reservasi"
"3584","736","Area parkir"
"3585","737","Pesan antar"
"3586","737","Area merokok"
"3587","737","100% Halal"
"3588","737","Area parkir"
"3589","738","Wifi"
"3590","738","Area merokok"
"3591","738","Area outdoor"
"3592","738","100% Halal"
"3593","738","Bisa reservasi"
"3594","738","Alkohol"
"3595","739","Wifi"
"3596","739","Area merokok"
"3597","739","Area outdoor"
"3598","739","100% Halal"
"3599","739","Bisa reservasi"
"3600","739","Area parkir"
"3601","740","Area merokok"
"3602","740","Area parkir"
"3603","741","Wifi"
"3604","741","Ruang VIP"
"3605","741","Bisa reservasi"
"3606","741","Area parkir"
"3607","741","Alkohol"
"3608","742","Wifi"
"3609","742","Area merokok"
"3610","742","Area outdoor"
"3611","742","100% Halal"
"3612","742","Bisa reservasi"
"3613","742","Area parkir"
"3614","743","Area merokok"
"3615","743","100% Halal"
"3616","743","Area parkir"
"3617","744","Area merokok"
"3618","744","100% Halal"
"3619","744","Area parkir"
"3620","745","Wifi"
"3621","745","Area merokok"
"3622","745","Area outdoor"
"3623","745","100% Halal"
"3624","745","Bisa reservasi"
"3625","745","Area parkir"
"3626","746","100% Halal"
"3627","746","Area parkir"
"3628","747","100% Halal"
"3629","748","100% Halal"
"3630","748","Area parkir"
"3631","749","Area merokok"
"3632","749","100% Halal"
"3633","749","Area parkir"
"3634","750","100% Halal"
"3635","750","Area parkir"
"3636","751","Wifi"
"3637","751","Pesan antar"
"3638","751","Area merokok"
"3639","751","Area outdoor"
"3640","751","100% Halal"
"3641","751","Ruang VIP"
"3642","751","Bisa reservasi"
"3643","751","Area parkir"
"3644","752","Area merokok"
"3645","752","100% Halal"
"3646","752","Area parkir"
"3647","753","Wifi"
"3648","753","Area merokok"
"3649","753","Area outdoor"
"3650","753","100% Halal"
"3651","753","Bisa reservasi"
"3652","753","Area parkir"
"3653","754","Area merokok"
"3654","754","Area outdoor"
"3655","754","100% Halal"
"3656","754","Bisa reservasi"
"3657","754","Area parkir"
"3658","755","Wifi"
"3659","755","100% Halal"
"3660","755","Ruang VIP"
"3661","755","Bisa reservasi"
"3662","755","Area parkir"
"3663","756","Wifi"
"3664","756","Area merokok"
"3665","756","Area outdoor"
"3666","756","100% Halal"
"3667","756","Area parkir"
"3668","757","Wifi"
"3669","757","Area merokok"
"3670","757","Area outdoor"
"3671","757","100% Halal"
"3672","757","Bisa reservasi"
"3673","757","Area parkir"
"3674","758","Area merokok"
"3675","758","Area outdoor"
"3676","758","100% Halal"
"3677","758","Area parkir"
"3678","759","Wifi"
"3679","759","Area merokok"
"3680","759","Area outdoor"
"3681","759","100% Halal"
"3682","759","Bisa reservasi"
"3683","759","Area parkir"
"3684","759","Alkohol"
"3685","760","Wifi"
"3686","760","Pesan antar"
"3687","760","Area merokok"
"3688","760","Area outdoor"
"3689","760","100% Halal"
"3690","760","Bisa reservasi"
"3691","760","Area parkir"
"3692","761","Wifi"
"3693","761","Pesan antar"
"3694","761","Area merokok"
"3695","761","Area outdoor"
"3696","761","100% Halal"
"3697","761","Bisa reservasi"
"3698","761","Area parkir"
"3699","762","Wifi"
"3700","762","Ruang VIP"
"3701","762","Bisa reservasi"
"3702","762","Area parkir"
"3703","762","Alkohol"
"3704","763","Area merokok"
"3705","763","Area outdoor"
"3706","763","Bisa reservasi"
"3707","763","Alkohol"
"3708","764","Pesan antar"
"3709","764","Area merokok"
"3710","764","100% Halal"
"3711","764","Area parkir"
"3712","765","100% Halal"
"3713","766","Wifi"
"3714","766","Area merokok"
"3715","766","Bisa reservasi"
"3716","766","Area parkir"
"3717","767","100% Halal"
"3718","767","Area parkir"
"3719","768","100% Halal"
"3720","768","Area parkir"
"3721","769","Area merokok"
"3722","769","Area outdoor"
"3723","769","100% Halal"
"3724","769","Bisa reservasi"
"3725","769","Area parkir"
"3726","770","Area merokok"
"3727","770","100% Halal"
"3728","770","Area parkir"
"3729","771","Wifi"
"3730","771","100% Halal"
"3731","771","Ruang VIP"
"3732","771","Bisa reservasi"
"3733","771","Area parkir"
"3734","771","Alkohol"
"3735","772","Area parkir"
"3736","773","Wifi"
"3737","773","100% Halal"
"3738","773","Ruang VIP"
"3739","773","Bisa reservasi"
"3740","773","Area parkir"
"3741","773","Alkohol"
"3742","775","Pesan antar"
"3743","775","Area merokok"
"3744","775","100% Halal"
"3745","775","Area parkir"
"3746","776","Wifi"
"3747","776","Area merokok"
"3748","776","Area outdoor"
"3749","776","100% Halal"
"3750","776","Ruang VIP"
"3751","776","Bisa reservasi"
"3752","776","Area parkir"
"3753","777","Wifi"
"3754","777","Area merokok"
"3755","777","Area outdoor"
"3756","777","Ruang VIP"
"3757","777","Bisa reservasi"
"3758","777","Area parkir"
"3759","777","Alkohol"
"3760","778","Area merokok"
"3761","778","Area outdoor"
"3762","778","100% Halal"
"3763","778","Area parkir"
"3764","779","Wifi"
"3765","779","Area merokok"
"3766","779","Area outdoor"
"3767","779","100% Halal"
"3768","779","Ruang VIP"
"3769","779","Bisa reservasi"
"3770","779","Area parkir"
"3771","780","Wifi"
"3772","780","Bisa reservasi"
"3773","780","Area parkir"
"3774","780","Alkohol"
"3775","781","100% Halal"
"3776","781","Area parkir"
"3777","782","Wifi"
"3778","782","100% Halal"
"3779","782","Bisa reservasi"
"3780","782","Area parkir"
"3781","783","Area merokok"
"3782","783","Area outdoor"
"3783","783","100% Halal"
"3784","783","Area parkir"
"3785","784","Wifi"
"3786","784","Area merokok"
"3787","784","Area outdoor"
"3788","784","100% Halal"
"3789","784","Area parkir"
"3790","784","Alkohol"
"3791","785","Wifi"
"3792","785","Area merokok"
"3793","785","Area outdoor"
"3794","785","Ruang VIP"
"3795","785","Bisa reservasi"
"3796","785","Area parkir"
"3797","785","Alkohol"
"3798","786","Wifi"
"3799","786","100% Halal"
"3800","786","Area parkir"
"3801","787","Wifi"
"3802","787","100% Halal"
"3803","787","Bisa reservasi"
"3804","787","Area parkir"
"3805","788","100% Halal"
"3806","789","Wifi"
"3807","789","Area merokok"
"3808","789","100% Halal"
"3809","789","Bisa reservasi"
"3810","789","Area parkir"
"3811","789","Alkohol"
"3812","790","Wifi"
"3813","790","Area merokok"
"3814","790","Area outdoor"
"3815","790","Bisa reservasi"
"3816","790","Area parkir"
"3817","791","Area parkir"
"3818","792","Wifi"
"3819","792","Area merokok"
"3820","792","Area outdoor"
"3821","792","Bisa reservasi"
"3822","792","Area parkir"
"3823","792","Alkohol"
"3824","793","Bisa reservasi"
"3825","793","Area parkir"
"3826","794","Wifi"
"3827","794","Area merokok"
"3828","794","Area outdoor"
"3829","794","100% Halal"
"3830","794","Ruang VIP"
"3831","794","Bisa reservasi"
"3832","794","Area parkir"
"3833","794","Alkohol"
"3834","795","Bisa reservasi"
"3835","795","Area parkir"
"3836","795","Alkohol"
"3837","796","Wifi"
"3838","796","Area merokok"
"3839","796","Bisa reservasi"
"3840","796","Area parkir"
"3841","796","Alkohol"
"3842","797","Wifi"
"3843","797","Area merokok"
"3844","797","Ruang VIP"
"3845","797","Bisa reservasi"
"3846","797","Area parkir"
"3847","797","Alkohol"
